trial_index_1based,block,trial_in_block,attend_side,condition,analysis_start_s,analysis_end_s,analysis_duration_s,n_selected_channels,selected_channels,cca_rho_9hz,cca_rho_14hz,cca_margin_9_minus_14,predicted_side_cca,prediction_correct_cca,ref_9hz_harmonics_used,ref_14hz_harmonics_used
1,1,1,left,left_9hz,2.0,29.0,27.0,13,"O1,Oz,O2,PO7,PO3,POz,PO4,PO8,P5,P2,P4,P6,P8",0.49903639593210064,0.0672602271812667,0.4317761687508339,left,True,"9,18,27","14,28,42"
2,1,2,left,left_9hz,2.0,29.0,27.0,13,"O1,Oz,O2,PO7,PO3,POz,PO4,PO8,P5,P2,P4,P6,P8",0.43126401568632233,0.08724140861079839,0.34402260707552396,left,True,"9,18,27","14,28,42"
3,1,3,left,left_9hz,2.0,29.0,27.0,13,"O1,Oz,O2,PO7,PO3,POz,PO4,PO8,P5,P2,P4,P6,P8",0.22705922154993155,0.07271406263534004,0.1543451589145915,left,True,"9,18,27","14,28,42"
4,1,4,right,right_14hz,2.0,29.0,27.0,13,"O1,Oz,O2,PO7,PO3,POz,PO4,PO8,P5,P2,P4,P6,P8",0.11855303223526911,0.3322466592089941,-0.213693626973725,right,True,"9,18,27","14,28,42"
5,1,5,right,right_14hz,2.0,29.0,27.0,13,"O1,Oz,O2,PO7,PO3,POz,PO4,PO8,P5,P2,P4,P6,P8",0.17851058414641843,0.2621358714939049,-0.08362528734748645,right,True,"9,18,27","14,28,42"
6,1,6,right,right_14hz,2.0,29.0,27.0,13,"O1,Oz,O2,PO7,PO3,POz,PO4,PO8,P5,P2,P4,P6,P8",0.18039619974779406,0.2418060033081278,-0.06140980356033374,right,True,"9,18,27","14,28,42"
7,1,7,right,right_14hz,2.0,29.0,27.0,13,"O1,Oz,O2,PO7,PO3,POz,PO4,PO8,P5,P2,P4,P6,P8",0.18064409069539414,0.333196735334852,-0.15255264463945786,right,True,"9,18,27","14,28,42"
8,1,8,left,left_9hz,2.0,29.0,27.0,13,"O1,Oz,O2,PO7,PO3,POz,PO4,PO8,P5,P2,P4,P6,P8",0.2091464496066545,0.08027441053439288,0.1288720390722616,left,True,"9,18,27","14,28,42"
9,1,9,right,right_14hz,2.0,29.0,27.0,13,"O1,Oz,O2,PO7,PO3,POz,PO4,PO8,P5,P2,P4,P6,P8",0.16100645778231298,0.3031149256171437,-0.14210846783483072,right,True,"9,18,27","14,28,42"
10,1,10,left,left_9hz,2.0,29.0,27.0,13,"O1,Oz,O2,PO7,PO3,POz,PO4,PO8,P5,P2,P4,P6,P8",0.34154422962089537,0.05794384818405383,0.2836003814368415,left,True,"9,18,27","14,28,42"
11,2,1,right,right_14hz,2.0,29.0,27.0,13,"O1,Oz,O2,PO7,PO3,POz,PO4,PO8,P5,P2,P4,P6,P8",0.15791196222717174,0.24948051740087876,-0.09156855517370702,right,True,"9,18,27","14,28,42"
12,2,2,right,right_14hz,2.0,29.0,27.0,13,"O1,Oz,O2,PO7,PO3,POz,PO4,PO8,P5,P2,P4,P6,P8",0.15675649912249104,0.3196760401687311,-0.16291954104624004,right,True,"9,18,27","14,28,42"
13,2,3,right,right_14hz,2.0,29.0,27.0,13,"O1,Oz,O2,PO7,PO3,POz,PO4,PO8,P5,P2,P4,P6,P8",0.19912649795201642,0.3267234151912997,-0.1275969172392833,right,True,"9,18,27","14,28,42"
14,2,4,right,right_14hz,2.0,29.0,27.0,13,"O1,Oz,O2,PO7,PO3,POz,PO4,PO8,P5,P2,P4,P6,P8",0.17122340369821162,0.25539447564738643,-0.08417107194917481,right,True,"9,18,27","14,28,42"
15,2,5,left,left_9hz,2.0,29.0,27.0,13,"O1,Oz,O2,PO7,PO3,POz,PO4,PO8,P5,P2,P4,P6,P8",0.37502066864928496,0.07201923502552397,0.303001433623761,left,True,"9,18,27","14,28,42"
16,2,6,left,left_9hz,2.0,29.0,27.0,13,"O1,Oz,O2,PO7,PO3,POz,PO4,PO8,P5,P2,P4,P6,P8",0.4620145093794928,0.08956725899661495,0.37244725038287785,left,True,"9,18,27","14,28,42"
17,2,7,left,left_9hz,2.0,29.0,27.0,13,"O1,Oz,O2,PO7,PO3,POz,PO4,PO8,P5,P2,P4,P6,P8",0.40330005834370164,0.05508533693369152,0.34821472141001014,left,True,"9,18,27","14,28,42"
18,2,8,right,right_14hz,2.0,29.0,27.0,13,"O1,Oz,O2,PO7,PO3,POz,PO4,PO8,P5,P2,P4,P6,P8",0.24145944451143384,0.310938544921799,-0.06947910041036517,right,True,"9,18,27","14,28,42"
19,2,9,left,left_9hz,2.0,29.0,27.0,13,"O1,Oz,O2,PO7,PO3,POz,PO4,PO8,P5,P2,P4,P6,P8",0.4547596880861898,0.07680728647442434,0.37795240161176547,left,True,"9,18,27","14,28,42"
20,2,10,left,left_9hz,2.0,29.0,27.0,13,"O1,Oz,O2,PO7,PO3,POz,PO4,PO8,P5,P2,P4,P6,P8",0.47655549507850375,0.06706771435444521,0.40948778072405856,left,True,"9,18,27","14,28,42"
21,3,1,left,left_9hz,2.0,29.0,27.0,13,"O1,Oz,O2,PO7,PO3,POz,PO4,PO8,P5,P2,P4,P6,P8",0.590657278006185,0.08848964340774204,0.5021676345984429,left,True,"9,18,27","14,28,42"
22,3,2,left,left_9hz,2.0,29.0,27.0,13,"O1,Oz,O2,PO7,PO3,POz,PO4,PO8,P5,P2,P4,P6,P8",0.4482020045647383,0.06354488385488398,0.3846571207098543,left,True,"9,18,27","14,28,42"
23,3,3,right,right_14hz,2.0,29.0,27.0,13,"O1,Oz,O2,PO7,PO3,POz,PO4,PO8,P5,P2,P4,P6,P8",0.15848235474349573,0.4048930429265688,-0.24641068818307307,right,True,"9,18,27","14,28,42"
24,3,4,left,left_9hz,2.0,29.0,27.0,13,"O1,Oz,O2,PO7,PO3,POz,PO4,PO8,P5,P2,P4,P6,P8",0.3947107868131381,0.08074954197104385,0.31396124484209426,left,True,"9,18,27","14,28,42"
25,3,5,right,right_14hz,2.0,29.0,27.0,13,"O1,Oz,O2,PO7,PO3,POz,PO4,PO8,P5,P2,P4,P6,P8",0.1774035387434596,0.28161373644332216,-0.10421019769986256,right,True,"9,18,27","14,28,42"
26,3,6,right,right_14hz,2.0,29.0,27.0,13,"O1,Oz,O2,PO7,PO3,POz,PO4,PO8,P5,P2,P4,P6,P8",0.20261428807914636,0.2599514550855596,-0.05733716700641325,right,True,"9,18,27","14,28,42"
27,3,7,left,left_9hz,2.0,29.0,27.0,13,"O1,Oz,O2,PO7,PO3,POz,PO4,PO8,P5,P2,P4,P6,P8",0.37504644280180155,0.07101308159319292,0.30403336120860863,left,True,"9,18,27","14,28,42"
28,3,8,right,right_14hz,2.0,29.0,27.0,13,"O1,Oz,O2,PO7,PO3,POz,PO4,PO8,P5,P2,P4,P6,P8",0.17993296735221095,0.27939939260237456,-0.09946642525016361,right,True,"9,18,27","14,28,42"
29,3,9,right,right_14hz,2.0,29.0,27.0,13,"O1,Oz,O2,PO7,PO3,POz,PO4,PO8,P5,P2,P4,P6,P8",0.18298920932082866,0.21990332381303077,-0.03691411449220211,right,True,"9,18,27","14,28,42"
30,3,10,left,left_9hz,2.0,29.0,27.0,13,"O1,Oz,O2,PO7,PO3,POz,PO4,PO8,P5,P2,P4,P6,P8",0.4004986610507421,0.08406553864036828,0.3164331224103738,left,True,"9,18,27","14,28,42"
31,4,1,left,left_9hz,2.0,29.0,27.0,13,"O1,Oz,O2,PO7,PO3,POz,PO4,PO8,P5,P2,P4,P6,P8",0.4920059559300048,0.06601545076354935,0.4259905051664554,left,True,"9,18,27","14,28,42"
32,4,2,right,right_14hz,2.0,29.0,27.0,13,"O1,Oz,O2,PO7,PO3,POz,PO4,PO8,P5,P2,P4,P6,P8",0.19771153974160857,0.28328069501613784,-0.08556915527452927,right,True,"9,18,27","14,28,42"
33,4,3,left,left_9hz,2.0,29.0,27.0,13,"O1,Oz,O2,PO7,PO3,POz,PO4,PO8,P5,P2,P4,P6,P8",0.33753286663547155,0.07138372786999006,0.2661491387654815,left,True,"9,18,27","14,28,42"
34,4,4,right,right_14hz,2.0,29.0,27.0,13,"O1,Oz,O2,PO7,PO3,POz,PO4,PO8,P5,P2,P4,P6,P8",0.23692668373919817,0.2590354329445772,-0.02210874920537903,right,True,"9,18,27","14,28,42"
35,4,5,right,right_14hz,2.0,29.0,27.0,13,"O1,Oz,O2,PO7,PO3,POz,PO4,PO8,P5,P2,P4,P6,P8",0.1615933528913944,0.20139720960205962,-0.03980385671066522,right,True,"9,18,27","14,28,42"
36,4,6,left,left_9hz,2.0,29.0,27.0,13,"O1,Oz,O2,PO7,PO3,POz,PO4,PO8,P5,P2,P4,P6,P8",0.33318033261924845,0.06734582188448443,0.26583451073476405,left,True,"9,18,27","14,28,42"
37,4,7,left,left_9hz,2.0,29.0,27.0,13,"O1,Oz,O2,PO7,PO3,POz,PO4,PO8,P5,P2,P4,P6,P8",0.37329040077031567,0.0855056287373683,0.2877847720329474,left,True,"9,18,27","14,28,42"
38,4,8,right,right_14hz,2.0,29.0,27.0,13,"O1,Oz,O2,PO7,PO3,POz,PO4,PO8,P5,P2,P4,P6,P8",0.23658821001206698,0.3044728257693988,-0.06788461575733185,right,True,"9,18,27","14,28,42"
39,4,9,left,left_9hz,2.0,29.0,27.0,13,"O1,Oz,O2,PO7,PO3,POz,PO4,PO8,P5,P2,P4,P6,P8",0.3604708780788484,0.08085573330086966,0.2796151447779788,left,True,"9,18,27","14,28,42"
40,4,10,right,right_14hz,2.0,29.0,27.0,13,"O1,Oz,O2,PO7,PO3,POz,PO4,PO8,P5,P2,P4,P6,P8",0.13500518538919767,0.3193151260607593,-0.18430994067156162,right,True,"9,18,27","14,28,42"
