file_index,file_name,local_sample,merged_sample,time_s,type_id,value
0,Subject12026.04.30_13.59.13.hdf5,46877,46877,91.556640625,15,1
0,Subject12026.04.30_13.59.13.hdf5,47389,47389,92.556640625,15,1
0,Subject12026.04.30_13.59.13.hdf5,47901,47901,93.556640625,15,1
0,Subject12026.04.30_13.59.13.hdf5,48413,48413,94.556640625,15,1
0,Subject12026.04.30_13.59.13.hdf5,48925,48925,95.556640625,15,1
0,Subject12026.04.30_13.59.13.hdf5,49437,49437,96.556640625,15,1
0,Subject12026.04.30_13.59.13.hdf5,49949,49949,97.556640625,15,1
0,Subject12026.04.30_13.59.13.hdf5,50461,50461,98.556640625,15,1
0,Subject12026.04.30_13.59.13.hdf5,50973,50973,99.556640625,15,1
0,Subject12026.04.30_13.59.13.hdf5,51485,51485,100.556640625,15,1
0,Subject12026.04.30_13.59.13.hdf5,51997,51997,101.556640625,15,1
0,Subject12026.04.30_13.59.13.hdf5,52509,52509,102.556640625,15,1
0,Subject12026.04.30_13.59.13.hdf5,53021,53021,103.556640625,15,1
0,Subject12026.04.30_13.59.13.hdf5,53533,53533,104.556640625,15,1
0,Subject12026.04.30_13.59.13.hdf5,54045,54045,105.556640625,15,1
0,Subject12026.04.30_13.59.13.hdf5,54557,54557,106.556640625,15,1
0,Subject12026.04.30_13.59.13.hdf5,55069,55069,107.556640625,15,1
0,Subject12026.04.30_13.59.13.hdf5,55581,55581,108.556640625,15,1
0,Subject12026.04.30_13.59.13.hdf5,56093,56093,109.556640625,15,1
0,Subject12026.04.30_13.59.13.hdf5,56605,56605,110.556640625,15,1
0,Subject12026.04.30_13.59.13.hdf5,57117,57117,111.556640625,15,1
0,Subject12026.04.30_13.59.13.hdf5,57629,57629,112.556640625,15,1
0,Subject12026.04.30_13.59.13.hdf5,58141,58141,113.556640625,15,1
0,Subject12026.04.30_13.59.13.hdf5,58653,58653,114.556640625,15,1
0,Subject12026.04.30_13.59.13.hdf5,59165,59165,115.556640625,15,1
0,Subject12026.04.30_13.59.13.hdf5,59677,59677,116.556640625,15,1
0,Subject12026.04.30_13.59.13.hdf5,60189,60189,117.556640625,15,1
0,Subject12026.04.30_13.59.13.hdf5,60701,60701,118.556640625,15,1
0,Subject12026.04.30_13.59.13.hdf5,61213,61213,119.556640625,15,1
0,Subject12026.04.30_13.59.13.hdf5,61725,61725,120.556640625,15,1
0,Subject12026.04.30_13.59.13.hdf5,63798,63798,124.60546875,15,1
0,Subject12026.04.30_13.59.13.hdf5,64310,64310,125.60546875,15,1
0,Subject12026.04.30_13.59.13.hdf5,64822,64822,126.60546875,15,1
0,Subject12026.04.30_13.59.13.hdf5,65334,65334,127.60546875,15,1
0,Subject12026.04.30_13.59.13.hdf5,65846,65846,128.60546875,15,1
0,Subject12026.04.30_13.59.13.hdf5,66358,66358,129.60546875,15,1
0,Subject12026.04.30_13.59.13.hdf5,66870,66870,130.60546875,15,1
0,Subject12026.04.30_13.59.13.hdf5,67382,67382,131.60546875,15,1
0,Subject12026.04.30_13.59.13.hdf5,67894,67894,132.60546875,15,1
0,Subject12026.04.30_13.59.13.hdf5,68406,68406,133.60546875,15,1
0,Subject12026.04.30_13.59.13.hdf5,68918,68918,134.60546875,15,1
0,Subject12026.04.30_13.59.13.hdf5,69430,69430,135.60546875,15,1
0,Subject12026.04.30_13.59.13.hdf5,69942,69942,136.60546875,15,1
0,Subject12026.04.30_13.59.13.hdf5,70454,70454,137.60546875,15,1
0,Subject12026.04.30_13.59.13.hdf5,70966,70966,138.60546875,15,1
0,Subject12026.04.30_13.59.13.hdf5,71478,71478,139.60546875,15,1
0,Subject12026.04.30_13.59.13.hdf5,71990,71990,140.60546875,15,1
0,Subject12026.04.30_13.59.13.hdf5,72502,72502,141.60546875,15,1
0,Subject12026.04.30_13.59.13.hdf5,73014,73014,142.60546875,15,1
0,Subject12026.04.30_13.59.13.hdf5,73526,73526,143.60546875,15,1
0,Subject12026.04.30_13.59.13.hdf5,74038,74038,144.60546875,15,1
0,Subject12026.04.30_13.59.13.hdf5,74550,74550,145.60546875,15,1
0,Subject12026.04.30_13.59.13.hdf5,75062,75062,146.60546875,15,1
0,Subject12026.04.30_13.59.13.hdf5,75574,75574,147.60546875,15,1
0,Subject12026.04.30_13.59.13.hdf5,76086,76086,148.60546875,15,1
0,Subject12026.04.30_13.59.13.hdf5,76598,76598,149.60546875,15,1
0,Subject12026.04.30_13.59.13.hdf5,77110,77110,150.60546875,15,1
0,Subject12026.04.30_13.59.13.hdf5,77622,77622,151.60546875,15,1
0,Subject12026.04.30_13.59.13.hdf5,78134,78134,152.60546875,15,1
0,Subject12026.04.30_13.59.13.hdf5,78646,78646,153.60546875,15,1
0,Subject12026.04.30_13.59.13.hdf5,80711,80711,157.638671875,15,1
0,Subject12026.04.30_13.59.13.hdf5,81223,81223,158.638671875,15,1
0,Subject12026.04.30_13.59.13.hdf5,81735,81735,159.638671875,15,1
0,Subject12026.04.30_13.59.13.hdf5,82247,82247,160.638671875,15,1
0,Subject12026.04.30_13.59.13.hdf5,82759,82759,161.638671875,15,1
0,Subject12026.04.30_13.59.13.hdf5,83271,83271,162.638671875,15,1
0,Subject12026.04.30_13.59.13.hdf5,83783,83783,163.638671875,15,1
0,Subject12026.04.30_13.59.13.hdf5,84303,84303,164.654296875,15,1
0,Subject12026.04.30_13.59.13.hdf5,84815,84815,165.654296875,15,1
0,Subject12026.04.30_13.59.13.hdf5,85327,85327,166.654296875,15,1
0,Subject12026.04.30_13.59.13.hdf5,85848,85848,167.671875,15,1
0,Subject12026.04.30_13.59.13.hdf5,86360,86360,168.671875,15,1
0,Subject12026.04.30_13.59.13.hdf5,86872,86872,169.671875,15,1
0,Subject12026.04.30_13.59.13.hdf5,87384,87384,170.671875,15,1
0,Subject12026.04.30_13.59.13.hdf5,87896,87896,171.671875,15,1
0,Subject12026.04.30_13.59.13.hdf5,88408,88408,172.671875,15,1
0,Subject12026.04.30_13.59.13.hdf5,88920,88920,173.671875,15,1
0,Subject12026.04.30_13.59.13.hdf5,89432,89432,174.671875,15,1
0,Subject12026.04.30_13.59.13.hdf5,89944,89944,175.671875,15,1
0,Subject12026.04.30_13.59.13.hdf5,90456,90456,176.671875,15,1
0,Subject12026.04.30_13.59.13.hdf5,90968,90968,177.671875,15,1
0,Subject12026.04.30_13.59.13.hdf5,91480,91480,178.671875,15,1
0,Subject12026.04.30_13.59.13.hdf5,91992,91992,179.671875,15,1
0,Subject12026.04.30_13.59.13.hdf5,92504,92504,180.671875,15,1
0,Subject12026.04.30_13.59.13.hdf5,93016,93016,181.671875,15,1
0,Subject12026.04.30_13.59.13.hdf5,93528,93528,182.671875,15,1
0,Subject12026.04.30_13.59.13.hdf5,94040,94040,183.671875,15,1
0,Subject12026.04.30_13.59.13.hdf5,94552,94552,184.671875,15,1
0,Subject12026.04.30_13.59.13.hdf5,95064,95064,185.671875,15,1
0,Subject12026.04.30_13.59.13.hdf5,95576,95576,186.671875,15,1
0,Subject12026.04.30_13.59.13.hdf5,97652,97652,190.7265625,16,1
0,Subject12026.04.30_13.59.13.hdf5,98164,98164,191.7265625,16,1
0,Subject12026.04.30_13.59.13.hdf5,98676,98676,192.7265625,16,1
0,Subject12026.04.30_13.59.13.hdf5,99188,99188,193.7265625,16,1
0,Subject12026.04.30_13.59.13.hdf5,99700,99700,194.7265625,16,1
0,Subject12026.04.30_13.59.13.hdf5,100212,100212,195.7265625,16,1
0,Subject12026.04.30_13.59.13.hdf5,100724,100724,196.7265625,16,1
0,Subject12026.04.30_13.59.13.hdf5,101236,101236,197.7265625,16,1
0,Subject12026.04.30_13.59.13.hdf5,101748,101748,198.7265625,16,1
0,Subject12026.04.30_13.59.13.hdf5,102260,102260,199.7265625,16,1
0,Subject12026.04.30_13.59.13.hdf5,102772,102772,200.7265625,16,1
0,Subject12026.04.30_13.59.13.hdf5,103284,103284,201.7265625,16,1
0,Subject12026.04.30_13.59.13.hdf5,103796,103796,202.7265625,16,1
0,Subject12026.04.30_13.59.13.hdf5,104308,104308,203.7265625,16,1
0,Subject12026.04.30_13.59.13.hdf5,104820,104820,204.7265625,16,1
0,Subject12026.04.30_13.59.13.hdf5,105332,105332,205.7265625,16,1
0,Subject12026.04.30_13.59.13.hdf5,105844,105844,206.7265625,16,1
0,Subject12026.04.30_13.59.13.hdf5,106356,106356,207.7265625,16,1
0,Subject12026.04.30_13.59.13.hdf5,106868,106868,208.7265625,16,1
0,Subject12026.04.30_13.59.13.hdf5,107380,107380,209.7265625,16,1
0,Subject12026.04.30_13.59.13.hdf5,107892,107892,210.7265625,16,1
0,Subject12026.04.30_13.59.13.hdf5,108404,108404,211.7265625,16,1
0,Subject12026.04.30_13.59.13.hdf5,108916,108916,212.7265625,16,1
0,Subject12026.04.30_13.59.13.hdf5,109428,109428,213.7265625,16,1
0,Subject12026.04.30_13.59.13.hdf5,109940,109940,214.7265625,16,1
0,Subject12026.04.30_13.59.13.hdf5,110452,110452,215.7265625,16,1
0,Subject12026.04.30_13.59.13.hdf5,110964,110964,216.7265625,16,1
0,Subject12026.04.30_13.59.13.hdf5,111476,111476,217.7265625,16,1
0,Subject12026.04.30_13.59.13.hdf5,111988,111988,218.7265625,16,1
0,Subject12026.04.30_13.59.13.hdf5,112500,112500,219.7265625,16,1
0,Subject12026.04.30_13.59.13.hdf5,114574,114574,223.77734375,16,1
0,Subject12026.04.30_13.59.13.hdf5,115086,115086,224.77734375,16,1
0,Subject12026.04.30_13.59.13.hdf5,115598,115598,225.77734375,16,1
0,Subject12026.04.30_13.59.13.hdf5,116110,116110,226.77734375,16,1
0,Subject12026.04.30_13.59.13.hdf5,116621,116621,227.775390625,16,1
0,Subject12026.04.30_13.59.13.hdf5,117134,117134,228.77734375,16,1
0,Subject12026.04.30_13.59.13.hdf5,117646,117646,229.77734375,16,1
0,Subject12026.04.30_13.59.13.hdf5,118157,118157,230.775390625,16,1
0,Subject12026.04.30_13.59.13.hdf5,118670,118670,231.77734375,16,1
0,Subject12026.04.30_13.59.13.hdf5,119181,119181,232.775390625,16,1
0,Subject12026.04.30_13.59.13.hdf5,119693,119693,233.775390625,16,1
0,Subject12026.04.30_13.59.13.hdf5,120205,120205,234.775390625,16,1
0,Subject12026.04.30_13.59.13.hdf5,120717,120717,235.775390625,16,1
0,Subject12026.04.30_13.59.13.hdf5,121229,121229,236.775390625,16,1
0,Subject12026.04.30_13.59.13.hdf5,121741,121741,237.775390625,16,1
0,Subject12026.04.30_13.59.13.hdf5,122253,122253,238.775390625,16,1
0,Subject12026.04.30_13.59.13.hdf5,122765,122765,239.775390625,16,1
0,Subject12026.04.30_13.59.13.hdf5,123277,123277,240.775390625,16,1
0,Subject12026.04.30_13.59.13.hdf5,123789,123789,241.775390625,16,1
0,Subject12026.04.30_13.59.13.hdf5,124301,124301,242.775390625,16,1
0,Subject12026.04.30_13.59.13.hdf5,124813,124813,243.775390625,16,1
0,Subject12026.04.30_13.59.13.hdf5,125325,125325,244.775390625,16,1
0,Subject12026.04.30_13.59.13.hdf5,125837,125837,245.775390625,16,1
0,Subject12026.04.30_13.59.13.hdf5,126349,126349,246.775390625,16,1
0,Subject12026.04.30_13.59.13.hdf5,126861,126861,247.775390625,16,1
0,Subject12026.04.30_13.59.13.hdf5,127373,127373,248.775390625,16,1
0,Subject12026.04.30_13.59.13.hdf5,127885,127885,249.775390625,16,1
0,Subject12026.04.30_13.59.13.hdf5,128397,128397,250.775390625,16,1
0,Subject12026.04.30_13.59.13.hdf5,128909,128909,251.775390625,16,1
0,Subject12026.04.30_13.59.13.hdf5,129421,129421,252.775390625,16,1
0,Subject12026.04.30_13.59.13.hdf5,131486,131486,256.80859375,16,1
0,Subject12026.04.30_13.59.13.hdf5,131998,131998,257.80859375,16,1
0,Subject12026.04.30_13.59.13.hdf5,132510,132510,258.80859375,16,1
0,Subject12026.04.30_13.59.13.hdf5,133022,133022,259.80859375,16,1
0,Subject12026.04.30_13.59.13.hdf5,133534,133534,260.80859375,16,1
0,Subject12026.04.30_13.59.13.hdf5,134046,134046,261.80859375,16,1
0,Subject12026.04.30_13.59.13.hdf5,134558,134558,262.80859375,16,1
0,Subject12026.04.30_13.59.13.hdf5,135070,135070,263.80859375,16,1
0,Subject12026.04.30_13.59.13.hdf5,135582,135582,264.80859375,16,1
0,Subject12026.04.30_13.59.13.hdf5,136094,136094,265.80859375,16,1
0,Subject12026.04.30_13.59.13.hdf5,136606,136606,266.80859375,16,1
0,Subject12026.04.30_13.59.13.hdf5,137118,137118,267.80859375,16,1
0,Subject12026.04.30_13.59.13.hdf5,137630,137630,268.80859375,16,1
0,Subject12026.04.30_13.59.13.hdf5,138142,138142,269.80859375,16,1
0,Subject12026.04.30_13.59.13.hdf5,138654,138654,270.80859375,16,1
0,Subject12026.04.30_13.59.13.hdf5,139166,139166,271.80859375,16,1
0,Subject12026.04.30_13.59.13.hdf5,139678,139678,272.80859375,16,1
0,Subject12026.04.30_13.59.13.hdf5,140190,140190,273.80859375,16,1
0,Subject12026.04.30_13.59.13.hdf5,140702,140702,274.80859375,16,1
0,Subject12026.04.30_13.59.13.hdf5,141214,141214,275.80859375,16,1
0,Subject12026.04.30_13.59.13.hdf5,141726,141726,276.80859375,16,1
0,Subject12026.04.30_13.59.13.hdf5,142238,142238,277.80859375,16,1
0,Subject12026.04.30_13.59.13.hdf5,142750,142750,278.80859375,16,1
0,Subject12026.04.30_13.59.13.hdf5,143262,143262,279.80859375,16,1
0,Subject12026.04.30_13.59.13.hdf5,143774,143774,280.80859375,16,1
0,Subject12026.04.30_13.59.13.hdf5,144286,144286,281.80859375,16,1
0,Subject12026.04.30_13.59.13.hdf5,144798,144798,282.80859375,16,1
0,Subject12026.04.30_13.59.13.hdf5,145310,145310,283.80859375,16,1
0,Subject12026.04.30_13.59.13.hdf5,145822,145822,284.80859375,16,1
0,Subject12026.04.30_13.59.13.hdf5,146334,146334,285.80859375,16,1
0,Subject12026.04.30_13.59.13.hdf5,148390,148390,289.82421875,16,1
0,Subject12026.04.30_13.59.13.hdf5,148902,148902,290.82421875,16,1
0,Subject12026.04.30_13.59.13.hdf5,149414,149414,291.82421875,16,1
0,Subject12026.04.30_13.59.13.hdf5,149926,149926,292.82421875,16,1
0,Subject12026.04.30_13.59.13.hdf5,150438,150438,293.82421875,16,1
0,Subject12026.04.30_13.59.13.hdf5,150950,150950,294.82421875,16,1
0,Subject12026.04.30_13.59.13.hdf5,151462,151462,295.82421875,16,1
0,Subject12026.04.30_13.59.13.hdf5,151974,151974,296.82421875,16,1
0,Subject12026.04.30_13.59.13.hdf5,152486,152486,297.82421875,16,1
0,Subject12026.04.30_13.59.13.hdf5,152998,152998,298.82421875,16,1
0,Subject12026.04.30_13.59.13.hdf5,153510,153510,299.82421875,16,1
0,Subject12026.04.30_13.59.13.hdf5,154022,154022,300.82421875,16,1
0,Subject12026.04.30_13.59.13.hdf5,154534,154534,301.82421875,16,1
0,Subject12026.04.30_13.59.13.hdf5,155046,155046,302.82421875,16,1
0,Subject12026.04.30_13.59.13.hdf5,155558,155558,303.82421875,16,1
0,Subject12026.04.30_13.59.13.hdf5,156070,156070,304.82421875,16,1
0,Subject12026.04.30_13.59.13.hdf5,156582,156582,305.82421875,16,1
0,Subject12026.04.30_13.59.13.hdf5,157094,157094,306.82421875,16,1
0,Subject12026.04.30_13.59.13.hdf5,157606,157606,307.82421875,16,1
0,Subject12026.04.30_13.59.13.hdf5,158118,158118,308.82421875,16,1
0,Subject12026.04.30_13.59.13.hdf5,158630,158630,309.82421875,16,1
0,Subject12026.04.30_13.59.13.hdf5,159142,159142,310.82421875,16,1
0,Subject12026.04.30_13.59.13.hdf5,159654,159654,311.82421875,16,1
0,Subject12026.04.30_13.59.13.hdf5,160166,160166,312.82421875,16,1
0,Subject12026.04.30_13.59.13.hdf5,160678,160678,313.82421875,16,1
0,Subject12026.04.30_13.59.13.hdf5,161190,161190,314.82421875,16,1
0,Subject12026.04.30_13.59.13.hdf5,161702,161702,315.82421875,16,1
0,Subject12026.04.30_13.59.13.hdf5,162214,162214,316.82421875,16,1
0,Subject12026.04.30_13.59.13.hdf5,162726,162726,317.82421875,16,1
0,Subject12026.04.30_13.59.13.hdf5,163238,163238,318.82421875,16,1
0,Subject12026.04.30_13.59.13.hdf5,165300,165300,322.8515625,15,1
0,Subject12026.04.30_13.59.13.hdf5,165812,165812,323.8515625,15,1
0,Subject12026.04.30_13.59.13.hdf5,166324,166324,324.8515625,15,1
0,Subject12026.04.30_13.59.13.hdf5,166836,166836,325.8515625,15,1
0,Subject12026.04.30_13.59.13.hdf5,167348,167348,326.8515625,15,1
0,Subject12026.04.30_13.59.13.hdf5,167860,167860,327.8515625,15,1
0,Subject12026.04.30_13.59.13.hdf5,168372,168372,328.8515625,15,1
0,Subject12026.04.30_13.59.13.hdf5,168884,168884,329.8515625,15,1
0,Subject12026.04.30_13.59.13.hdf5,169396,169396,330.8515625,15,1
0,Subject12026.04.30_13.59.13.hdf5,169908,169908,331.8515625,15,1
0,Subject12026.04.30_13.59.13.hdf5,170437,170437,332.884765625,15,1
0,Subject12026.04.30_13.59.13.hdf5,170949,170949,333.884765625,15,1
0,Subject12026.04.30_13.59.13.hdf5,171461,171461,334.884765625,15,1
0,Subject12026.04.30_13.59.13.hdf5,171973,171973,335.884765625,15,1
0,Subject12026.04.30_13.59.13.hdf5,172485,172485,336.884765625,15,1
0,Subject12026.04.30_13.59.13.hdf5,172997,172997,337.884765625,15,1
0,Subject12026.04.30_13.59.13.hdf5,173509,173509,338.884765625,15,1
0,Subject12026.04.30_13.59.13.hdf5,174021,174021,339.884765625,15,1
0,Subject12026.04.30_13.59.13.hdf5,174533,174533,340.884765625,15,1
0,Subject12026.04.30_13.59.13.hdf5,175045,175045,341.884765625,15,1
0,Subject12026.04.30_13.59.13.hdf5,175557,175557,342.884765625,15,1
0,Subject12026.04.30_13.59.13.hdf5,176069,176069,343.884765625,15,1
0,Subject12026.04.30_13.59.13.hdf5,176581,176581,344.884765625,15,1
0,Subject12026.04.30_13.59.13.hdf5,177093,177093,345.884765625,15,1
0,Subject12026.04.30_13.59.13.hdf5,177605,177605,346.884765625,15,1
0,Subject12026.04.30_13.59.13.hdf5,178117,178117,347.884765625,15,1
0,Subject12026.04.30_13.59.13.hdf5,178629,178629,348.884765625,15,1
0,Subject12026.04.30_13.59.13.hdf5,179141,179141,349.884765625,15,1
0,Subject12026.04.30_13.59.13.hdf5,179653,179653,350.884765625,15,1
0,Subject12026.04.30_13.59.13.hdf5,180165,180165,351.884765625,15,1
0,Subject12026.04.30_13.59.13.hdf5,182233,182233,355.923828125,16,1
0,Subject12026.04.30_13.59.13.hdf5,182745,182745,356.923828125,16,1
0,Subject12026.04.30_13.59.13.hdf5,183257,183257,357.923828125,16,1
0,Subject12026.04.30_13.59.13.hdf5,183769,183769,358.923828125,16,1
0,Subject12026.04.30_13.59.13.hdf5,184281,184281,359.923828125,16,1
0,Subject12026.04.30_13.59.13.hdf5,184793,184793,360.923828125,16,1
0,Subject12026.04.30_13.59.13.hdf5,185305,185305,361.923828125,16,1
0,Subject12026.04.30_13.59.13.hdf5,185817,185817,362.923828125,16,1
0,Subject12026.04.30_13.59.13.hdf5,186329,186329,363.923828125,16,1
0,Subject12026.04.30_13.59.13.hdf5,186841,186841,364.923828125,16,1
0,Subject12026.04.30_13.59.13.hdf5,187353,187353,365.923828125,16,1
0,Subject12026.04.30_13.59.13.hdf5,187865,187865,366.923828125,16,1
0,Subject12026.04.30_13.59.13.hdf5,188377,188377,367.923828125,16,1
0,Subject12026.04.30_13.59.13.hdf5,188889,188889,368.923828125,16,1
0,Subject12026.04.30_13.59.13.hdf5,189401,189401,369.923828125,16,1
0,Subject12026.04.30_13.59.13.hdf5,189913,189913,370.923828125,16,1
0,Subject12026.04.30_13.59.13.hdf5,190425,190425,371.923828125,16,1
0,Subject12026.04.30_13.59.13.hdf5,190937,190937,372.923828125,16,1
0,Subject12026.04.30_13.59.13.hdf5,191449,191449,373.923828125,16,1
0,Subject12026.04.30_13.59.13.hdf5,191961,191961,374.923828125,16,1
0,Subject12026.04.30_13.59.13.hdf5,192473,192473,375.923828125,16,1
0,Subject12026.04.30_13.59.13.hdf5,192985,192985,376.923828125,16,1
0,Subject12026.04.30_13.59.13.hdf5,193497,193497,377.923828125,16,1
0,Subject12026.04.30_13.59.13.hdf5,194009,194009,378.923828125,16,1
0,Subject12026.04.30_13.59.13.hdf5,194521,194521,379.923828125,16,1
0,Subject12026.04.30_13.59.13.hdf5,195033,195033,380.923828125,16,1
0,Subject12026.04.30_13.59.13.hdf5,195545,195545,381.923828125,16,1
0,Subject12026.04.30_13.59.13.hdf5,196057,196057,382.923828125,16,1
0,Subject12026.04.30_13.59.13.hdf5,196569,196569,383.923828125,16,1
0,Subject12026.04.30_13.59.13.hdf5,197081,197081,384.923828125,16,1
0,Subject12026.04.30_13.59.13.hdf5,199151,199151,388.966796875,15,1
0,Subject12026.04.30_13.59.13.hdf5,199663,199663,389.966796875,15,1
0,Subject12026.04.30_13.59.13.hdf5,200175,200175,390.966796875,15,1
0,Subject12026.04.30_13.59.13.hdf5,200687,200687,391.966796875,15,1
0,Subject12026.04.30_13.59.13.hdf5,201199,201199,392.966796875,15,1
0,Subject12026.04.30_13.59.13.hdf5,201711,201711,393.966796875,15,1
0,Subject12026.04.30_13.59.13.hdf5,202223,202223,394.966796875,15,1
0,Subject12026.04.30_13.59.13.hdf5,202735,202735,395.966796875,15,1
0,Subject12026.04.30_13.59.13.hdf5,203247,203247,396.966796875,15,1
0,Subject12026.04.30_13.59.13.hdf5,203759,203759,397.966796875,15,1
0,Subject12026.04.30_13.59.13.hdf5,204271,204271,398.966796875,15,1
0,Subject12026.04.30_13.59.13.hdf5,204783,204783,399.966796875,15,1
0,Subject12026.04.30_13.59.13.hdf5,205295,205295,400.966796875,15,1
0,Subject12026.04.30_13.59.13.hdf5,205807,205807,401.966796875,15,1
0,Subject12026.04.30_13.59.13.hdf5,206319,206319,402.966796875,15,1
0,Subject12026.04.30_13.59.13.hdf5,206831,206831,403.966796875,15,1
0,Subject12026.04.30_13.59.13.hdf5,207343,207343,404.966796875,15,1
0,Subject12026.04.30_13.59.13.hdf5,207855,207855,405.966796875,15,1
0,Subject12026.04.30_13.59.13.hdf5,208367,208367,406.966796875,15,1
0,Subject12026.04.30_13.59.13.hdf5,208879,208879,407.966796875,15,1
0,Subject12026.04.30_13.59.13.hdf5,209391,209391,408.966796875,15,1
0,Subject12026.04.30_13.59.13.hdf5,209903,209903,409.966796875,15,1
0,Subject12026.04.30_13.59.13.hdf5,210415,210415,410.966796875,15,1
0,Subject12026.04.30_13.59.13.hdf5,210927,210927,411.966796875,15,1
0,Subject12026.04.30_13.59.13.hdf5,211439,211439,412.966796875,15,1
0,Subject12026.04.30_13.59.13.hdf5,211951,211951,413.966796875,15,1
0,Subject12026.04.30_13.59.13.hdf5,212463,212463,414.966796875,15,1
0,Subject12026.04.30_13.59.13.hdf5,212975,212975,415.966796875,15,1
0,Subject12026.04.30_13.59.13.hdf5,213487,213487,416.966796875,15,1
0,Subject12026.04.30_13.59.13.hdf5,213999,213999,417.966796875,15,1
0,Subject12026.04.30_13.59.13.hdf5,239260,239260,467.3046875,16,1
0,Subject12026.04.30_13.59.13.hdf5,239772,239772,468.3046875,16,1
0,Subject12026.04.30_13.59.13.hdf5,240284,240284,469.3046875,16,1
0,Subject12026.04.30_13.59.13.hdf5,240796,240796,470.3046875,16,1
0,Subject12026.04.30_13.59.13.hdf5,241308,241308,471.3046875,16,1
0,Subject12026.04.30_13.59.13.hdf5,241820,241820,472.3046875,16,1
0,Subject12026.04.30_13.59.13.hdf5,242332,242332,473.3046875,16,1
0,Subject12026.04.30_13.59.13.hdf5,242844,242844,474.3046875,16,1
0,Subject12026.04.30_13.59.13.hdf5,243356,243356,475.3046875,16,1
0,Subject12026.04.30_13.59.13.hdf5,243868,243868,476.3046875,16,1
0,Subject12026.04.30_13.59.13.hdf5,244380,244380,477.3046875,16,1
0,Subject12026.04.30_13.59.13.hdf5,244892,244892,478.3046875,16,1
0,Subject12026.04.30_13.59.13.hdf5,245404,245404,479.3046875,16,1
0,Subject12026.04.30_13.59.13.hdf5,245916,245916,480.3046875,16,1
0,Subject12026.04.30_13.59.13.hdf5,246428,246428,481.3046875,16,1
0,Subject12026.04.30_13.59.13.hdf5,246940,246940,482.3046875,16,1
0,Subject12026.04.30_13.59.13.hdf5,247452,247452,483.3046875,16,1
0,Subject12026.04.30_13.59.13.hdf5,247964,247964,484.3046875,16,1
0,Subject12026.04.30_13.59.13.hdf5,248467,248467,485.287109375,16,1
0,Subject12026.04.30_13.59.13.hdf5,248979,248979,486.287109375,16,1
0,Subject12026.04.30_13.59.13.hdf5,249491,249491,487.287109375,16,1
0,Subject12026.04.30_13.59.13.hdf5,250003,250003,488.287109375,16,1
0,Subject12026.04.30_13.59.13.hdf5,250515,250515,489.287109375,16,1
0,Subject12026.04.30_13.59.13.hdf5,251027,251027,490.287109375,16,1
0,Subject12026.04.30_13.59.13.hdf5,251539,251539,491.287109375,16,1
0,Subject12026.04.30_13.59.13.hdf5,252051,252051,492.287109375,16,1
0,Subject12026.04.30_13.59.13.hdf5,252563,252563,493.287109375,16,1
0,Subject12026.04.30_13.59.13.hdf5,253075,253075,494.287109375,16,1
0,Subject12026.04.30_13.59.13.hdf5,253587,253587,495.287109375,16,1
0,Subject12026.04.30_13.59.13.hdf5,254099,254099,496.287109375,16,1
0,Subject12026.04.30_13.59.13.hdf5,256164,256164,500.3203125,16,1
0,Subject12026.04.30_13.59.13.hdf5,256676,256676,501.3203125,16,1
0,Subject12026.04.30_13.59.13.hdf5,257188,257188,502.3203125,16,1
0,Subject12026.04.30_13.59.13.hdf5,257700,257700,503.3203125,16,1
0,Subject12026.04.30_13.59.13.hdf5,258212,258212,504.3203125,16,1
0,Subject12026.04.30_13.59.13.hdf5,258724,258724,505.3203125,16,1
0,Subject12026.04.30_13.59.13.hdf5,259236,259236,506.3203125,16,1
0,Subject12026.04.30_13.59.13.hdf5,259748,259748,507.3203125,16,1
0,Subject12026.04.30_13.59.13.hdf5,260260,260260,508.3203125,16,1
0,Subject12026.04.30_13.59.13.hdf5,260772,260772,509.3203125,16,1
0,Subject12026.04.30_13.59.13.hdf5,261284,261284,510.3203125,16,1
0,Subject12026.04.30_13.59.13.hdf5,261796,261796,511.3203125,16,1
0,Subject12026.04.30_13.59.13.hdf5,262308,262308,512.3203125,16,1
0,Subject12026.04.30_13.59.13.hdf5,262820,262820,513.3203125,16,1
0,Subject12026.04.30_13.59.13.hdf5,263332,263332,514.3203125,16,1
0,Subject12026.04.30_13.59.13.hdf5,263844,263844,515.3203125,16,1
0,Subject12026.04.30_13.59.13.hdf5,264356,264356,516.3203125,16,1
0,Subject12026.04.30_13.59.13.hdf5,264868,264868,517.3203125,16,1
0,Subject12026.04.30_13.59.13.hdf5,265380,265380,518.3203125,16,1
0,Subject12026.04.30_13.59.13.hdf5,265892,265892,519.3203125,16,1
0,Subject12026.04.30_13.59.13.hdf5,266404,266404,520.3203125,16,1
0,Subject12026.04.30_13.59.13.hdf5,266916,266916,521.3203125,16,1
0,Subject12026.04.30_13.59.13.hdf5,267428,267428,522.3203125,16,1
0,Subject12026.04.30_13.59.13.hdf5,267940,267940,523.3203125,16,1
0,Subject12026.04.30_13.59.13.hdf5,268452,268452,524.3203125,16,1
0,Subject12026.04.30_13.59.13.hdf5,268964,268964,525.3203125,16,1
0,Subject12026.04.30_13.59.13.hdf5,269476,269476,526.3203125,16,1
0,Subject12026.04.30_13.59.13.hdf5,269988,269988,527.3203125,16,1
0,Subject12026.04.30_13.59.13.hdf5,270500,270500,528.3203125,16,1
0,Subject12026.04.30_13.59.13.hdf5,271012,271012,529.3203125,16,1
0,Subject12026.04.30_13.59.13.hdf5,273077,273077,533.353515625,16,1
0,Subject12026.04.30_13.59.13.hdf5,273589,273589,534.353515625,16,1
0,Subject12026.04.30_13.59.13.hdf5,274101,274101,535.353515625,16,1
0,Subject12026.04.30_13.59.13.hdf5,274613,274613,536.353515625,16,1
0,Subject12026.04.30_13.59.13.hdf5,275125,275125,537.353515625,16,1
0,Subject12026.04.30_13.59.13.hdf5,275637,275637,538.353515625,16,1
0,Subject12026.04.30_13.59.13.hdf5,276149,276149,539.353515625,16,1
0,Subject12026.04.30_13.59.13.hdf5,276661,276661,540.353515625,16,1
0,Subject12026.04.30_13.59.13.hdf5,277173,277173,541.353515625,16,1
0,Subject12026.04.30_13.59.13.hdf5,277685,277685,542.353515625,16,1
0,Subject12026.04.30_13.59.13.hdf5,278197,278197,543.353515625,16,1
0,Subject12026.04.30_13.59.13.hdf5,278709,278709,544.353515625,16,1
0,Subject12026.04.30_13.59.13.hdf5,279221,279221,545.353515625,16,1
0,Subject12026.04.30_13.59.13.hdf5,279733,279733,546.353515625,16,1
0,Subject12026.04.30_13.59.13.hdf5,280245,280245,547.353515625,16,1
0,Subject12026.04.30_13.59.13.hdf5,280757,280757,548.353515625,16,1
0,Subject12026.04.30_13.59.13.hdf5,281269,281269,549.353515625,16,1
0,Subject12026.04.30_13.59.13.hdf5,281780,281780,550.3515625,16,1
0,Subject12026.04.30_13.59.13.hdf5,282292,282292,551.3515625,16,1
0,Subject12026.04.30_13.59.13.hdf5,282804,282804,552.3515625,16,1
0,Subject12026.04.30_13.59.13.hdf5,283316,283316,553.3515625,16,1
0,Subject12026.04.30_13.59.13.hdf5,283828,283828,554.3515625,16,1
0,Subject12026.04.30_13.59.13.hdf5,284340,284340,555.3515625,16,1
0,Subject12026.04.30_13.59.13.hdf5,284852,284852,556.3515625,16,1
0,Subject12026.04.30_13.59.13.hdf5,285364,285364,557.3515625,16,1
0,Subject12026.04.30_13.59.13.hdf5,285876,285876,558.3515625,16,1
0,Subject12026.04.30_13.59.13.hdf5,286388,286388,559.3515625,16,1
0,Subject12026.04.30_13.59.13.hdf5,286900,286900,560.3515625,16,1
0,Subject12026.04.30_13.59.13.hdf5,287412,287412,561.3515625,16,1
0,Subject12026.04.30_13.59.13.hdf5,287924,287924,562.3515625,16,1
0,Subject12026.04.30_13.59.13.hdf5,289989,289989,566.384765625,16,1
0,Subject12026.04.30_13.59.13.hdf5,290501,290501,567.384765625,16,1
0,Subject12026.04.30_13.59.13.hdf5,291013,291013,568.384765625,16,1
0,Subject12026.04.30_13.59.13.hdf5,291525,291525,569.384765625,16,1
0,Subject12026.04.30_13.59.13.hdf5,292037,292037,570.384765625,16,1
0,Subject12026.04.30_13.59.13.hdf5,292549,292549,571.384765625,16,1
0,Subject12026.04.30_13.59.13.hdf5,293061,293061,572.384765625,16,1
0,Subject12026.04.30_13.59.13.hdf5,293573,293573,573.384765625,16,1
0,Subject12026.04.30_13.59.13.hdf5,294085,294085,574.384765625,16,1
0,Subject12026.04.30_13.59.13.hdf5,294597,294597,575.384765625,16,1
0,Subject12026.04.30_13.59.13.hdf5,295109,295109,576.384765625,16,1
0,Subject12026.04.30_13.59.13.hdf5,295621,295621,577.384765625,16,1
0,Subject12026.04.30_13.59.13.hdf5,296133,296133,578.384765625,16,1
0,Subject12026.04.30_13.59.13.hdf5,296645,296645,579.384765625,16,1
0,Subject12026.04.30_13.59.13.hdf5,297157,297157,580.384765625,16,1
0,Subject12026.04.30_13.59.13.hdf5,297669,297669,581.384765625,16,1
0,Subject12026.04.30_13.59.13.hdf5,298181,298181,582.384765625,16,1
0,Subject12026.04.30_13.59.13.hdf5,298693,298693,583.384765625,16,1
0,Subject12026.04.30_13.59.13.hdf5,299205,299205,584.384765625,16,1
0,Subject12026.04.30_13.59.13.hdf5,299717,299717,585.384765625,16,1
0,Subject12026.04.30_13.59.13.hdf5,300229,300229,586.384765625,16,1
0,Subject12026.04.30_13.59.13.hdf5,300741,300741,587.384765625,16,1
0,Subject12026.04.30_13.59.13.hdf5,301253,301253,588.384765625,16,1
0,Subject12026.04.30_13.59.13.hdf5,301765,301765,589.384765625,16,1
0,Subject12026.04.30_13.59.13.hdf5,302277,302277,590.384765625,16,1
0,Subject12026.04.30_13.59.13.hdf5,302789,302789,591.384765625,16,1
0,Subject12026.04.30_13.59.13.hdf5,303301,303301,592.384765625,16,1
0,Subject12026.04.30_13.59.13.hdf5,303813,303813,593.384765625,16,1
0,Subject12026.04.30_13.59.13.hdf5,304325,304325,594.384765625,16,1
0,Subject12026.04.30_13.59.13.hdf5,304837,304837,595.384765625,16,1
0,Subject12026.04.30_13.59.13.hdf5,306908,306908,599.4296875,15,1
0,Subject12026.04.30_13.59.13.hdf5,307420,307420,600.4296875,15,1
0,Subject12026.04.30_13.59.13.hdf5,307932,307932,601.4296875,15,1
0,Subject12026.04.30_13.59.13.hdf5,308444,308444,602.4296875,15,1
0,Subject12026.04.30_13.59.13.hdf5,308956,308956,603.4296875,15,1
0,Subject12026.04.30_13.59.13.hdf5,309468,309468,604.4296875,15,1
0,Subject12026.04.30_13.59.13.hdf5,309980,309980,605.4296875,15,1
0,Subject12026.04.30_13.59.13.hdf5,310492,310492,606.4296875,15,1
0,Subject12026.04.30_13.59.13.hdf5,311004,311004,607.4296875,15,1
0,Subject12026.04.30_13.59.13.hdf5,311516,311516,608.4296875,15,1
0,Subject12026.04.30_13.59.13.hdf5,312028,312028,609.4296875,15,1
0,Subject12026.04.30_13.59.13.hdf5,312540,312540,610.4296875,15,1
0,Subject12026.04.30_13.59.13.hdf5,313052,313052,611.4296875,15,1
0,Subject12026.04.30_13.59.13.hdf5,313564,313564,612.4296875,15,1
0,Subject12026.04.30_13.59.13.hdf5,314076,314076,613.4296875,15,1
0,Subject12026.04.30_13.59.13.hdf5,314588,314588,614.4296875,15,1
0,Subject12026.04.30_13.59.13.hdf5,315100,315100,615.4296875,15,1
0,Subject12026.04.30_13.59.13.hdf5,315612,315612,616.4296875,15,1
0,Subject12026.04.30_13.59.13.hdf5,316124,316124,617.4296875,15,1
0,Subject12026.04.30_13.59.13.hdf5,316636,316636,618.4296875,15,1
0,Subject12026.04.30_13.59.13.hdf5,317148,317148,619.4296875,15,1
0,Subject12026.04.30_13.59.13.hdf5,317660,317660,620.4296875,15,1
0,Subject12026.04.30_13.59.13.hdf5,318172,318172,621.4296875,15,1
0,Subject12026.04.30_13.59.13.hdf5,318684,318684,622.4296875,15,1
0,Subject12026.04.30_13.59.13.hdf5,319196,319196,623.4296875,15,1
0,Subject12026.04.30_13.59.13.hdf5,319708,319708,624.4296875,15,1
0,Subject12026.04.30_13.59.13.hdf5,320220,320220,625.4296875,15,1
0,Subject12026.04.30_13.59.13.hdf5,320732,320732,626.4296875,15,1
0,Subject12026.04.30_13.59.13.hdf5,321244,321244,627.4296875,15,1
0,Subject12026.04.30_13.59.13.hdf5,321756,321756,628.4296875,15,1
0,Subject12026.04.30_13.59.13.hdf5,323821,323821,632.462890625,15,1
0,Subject12026.04.30_13.59.13.hdf5,324333,324333,633.462890625,15,1
0,Subject12026.04.30_13.59.13.hdf5,324844,324844,634.4609375,15,1
0,Subject12026.04.30_13.59.13.hdf5,325356,325356,635.4609375,15,1
0,Subject12026.04.30_13.59.13.hdf5,325868,325868,636.4609375,15,1
0,Subject12026.04.30_13.59.13.hdf5,326380,326380,637.4609375,15,1
0,Subject12026.04.30_13.59.13.hdf5,326892,326892,638.4609375,15,1
0,Subject12026.04.30_13.59.13.hdf5,327404,327404,639.4609375,15,1
0,Subject12026.04.30_13.59.13.hdf5,327916,327916,640.4609375,15,1
0,Subject12026.04.30_13.59.13.hdf5,328428,328428,641.4609375,15,1
0,Subject12026.04.30_13.59.13.hdf5,328940,328940,642.4609375,15,1
0,Subject12026.04.30_13.59.13.hdf5,329452,329452,643.4609375,15,1
0,Subject12026.04.30_13.59.13.hdf5,329964,329964,644.4609375,15,1
0,Subject12026.04.30_13.59.13.hdf5,330476,330476,645.4609375,15,1
0,Subject12026.04.30_13.59.13.hdf5,330988,330988,646.4609375,15,1
0,Subject12026.04.30_13.59.13.hdf5,331500,331500,647.4609375,15,1
0,Subject12026.04.30_13.59.13.hdf5,332012,332012,648.4609375,15,1
0,Subject12026.04.30_13.59.13.hdf5,332524,332524,649.4609375,15,1
0,Subject12026.04.30_13.59.13.hdf5,333036,333036,650.4609375,15,1
0,Subject12026.04.30_13.59.13.hdf5,333548,333548,651.4609375,15,1
0,Subject12026.04.30_13.59.13.hdf5,334060,334060,652.4609375,15,1
0,Subject12026.04.30_13.59.13.hdf5,334572,334572,653.4609375,15,1
0,Subject12026.04.30_13.59.13.hdf5,335084,335084,654.4609375,15,1
0,Subject12026.04.30_13.59.13.hdf5,335596,335596,655.4609375,15,1
0,Subject12026.04.30_13.59.13.hdf5,336108,336108,656.4609375,15,1
0,Subject12026.04.30_13.59.13.hdf5,336620,336620,657.4609375,15,1
0,Subject12026.04.30_13.59.13.hdf5,337132,337132,658.4609375,15,1
0,Subject12026.04.30_13.59.13.hdf5,337644,337644,659.4609375,15,1
0,Subject12026.04.30_13.59.13.hdf5,338156,338156,660.4609375,15,1
0,Subject12026.04.30_13.59.13.hdf5,338668,338668,661.4609375,15,1
0,Subject12026.04.30_13.59.13.hdf5,340742,340742,665.51171875,15,1
0,Subject12026.04.30_13.59.13.hdf5,341254,341254,666.51171875,15,1
0,Subject12026.04.30_13.59.13.hdf5,341766,341766,667.51171875,15,1
0,Subject12026.04.30_13.59.13.hdf5,342278,342278,668.51171875,15,1
0,Subject12026.04.30_13.59.13.hdf5,342790,342790,669.51171875,15,1
0,Subject12026.04.30_13.59.13.hdf5,343302,343302,670.51171875,15,1
0,Subject12026.04.30_13.59.13.hdf5,343814,343814,671.51171875,15,1
0,Subject12026.04.30_13.59.13.hdf5,344326,344326,672.51171875,15,1
0,Subject12026.04.30_13.59.13.hdf5,344838,344838,673.51171875,15,1
0,Subject12026.04.30_13.59.13.hdf5,345350,345350,674.51171875,15,1
0,Subject12026.04.30_13.59.13.hdf5,345862,345862,675.51171875,15,1
0,Subject12026.04.30_13.59.13.hdf5,346374,346374,676.51171875,15,1
0,Subject12026.04.30_13.59.13.hdf5,346886,346886,677.51171875,15,1
0,Subject12026.04.30_13.59.13.hdf5,347398,347398,678.51171875,15,1
0,Subject12026.04.30_13.59.13.hdf5,347910,347910,679.51171875,15,1
0,Subject12026.04.30_13.59.13.hdf5,348422,348422,680.51171875,15,1
0,Subject12026.04.30_13.59.13.hdf5,348934,348934,681.51171875,15,1
0,Subject12026.04.30_13.59.13.hdf5,349446,349446,682.51171875,15,1
0,Subject12026.04.30_13.59.13.hdf5,349958,349958,683.51171875,15,1
0,Subject12026.04.30_13.59.13.hdf5,350470,350470,684.51171875,15,1
0,Subject12026.04.30_13.59.13.hdf5,350982,350982,685.51171875,15,1
0,Subject12026.04.30_13.59.13.hdf5,351494,351494,686.51171875,15,1
0,Subject12026.04.30_13.59.13.hdf5,352006,352006,687.51171875,15,1
0,Subject12026.04.30_13.59.13.hdf5,352518,352518,688.51171875,15,1
0,Subject12026.04.30_13.59.13.hdf5,353030,353030,689.51171875,15,1
0,Subject12026.04.30_13.59.13.hdf5,353542,353542,690.51171875,15,1
0,Subject12026.04.30_13.59.13.hdf5,354054,354054,691.51171875,15,1
0,Subject12026.04.30_13.59.13.hdf5,354565,354565,692.509765625,15,1
0,Subject12026.04.30_13.59.13.hdf5,355077,355077,693.509765625,15,1
0,Subject12026.04.30_13.59.13.hdf5,355589,355589,694.509765625,15,1
0,Subject12026.04.30_13.59.13.hdf5,357657,357657,698.548828125,16,1
0,Subject12026.04.30_13.59.13.hdf5,358169,358169,699.548828125,16,1
0,Subject12026.04.30_13.59.13.hdf5,358698,358698,700.58203125,16,1
0,Subject12026.04.30_13.59.13.hdf5,359202,359202,701.56640625,16,1
0,Subject12026.04.30_13.59.13.hdf5,359714,359714,702.56640625,16,1
0,Subject12026.04.30_13.59.13.hdf5,360226,360226,703.56640625,16,1
0,Subject12026.04.30_13.59.13.hdf5,360738,360738,704.56640625,16,1
0,Subject12026.04.30_13.59.13.hdf5,361250,361250,705.56640625,16,1
0,Subject12026.04.30_13.59.13.hdf5,361762,361762,706.56640625,16,1
0,Subject12026.04.30_13.59.13.hdf5,362274,362274,707.56640625,16,1
0,Subject12026.04.30_13.59.13.hdf5,362786,362786,708.56640625,16,1
0,Subject12026.04.30_13.59.13.hdf5,363298,363298,709.56640625,16,1
0,Subject12026.04.30_13.59.13.hdf5,363810,363810,710.56640625,16,1
0,Subject12026.04.30_13.59.13.hdf5,364322,364322,711.56640625,16,1
0,Subject12026.04.30_13.59.13.hdf5,364834,364834,712.56640625,16,1
0,Subject12026.04.30_13.59.13.hdf5,365346,365346,713.56640625,16,1
0,Subject12026.04.30_13.59.13.hdf5,365858,365858,714.56640625,16,1
0,Subject12026.04.30_13.59.13.hdf5,366370,366370,715.56640625,16,1
0,Subject12026.04.30_13.59.13.hdf5,366882,366882,716.56640625,16,1
0,Subject12026.04.30_13.59.13.hdf5,367394,367394,717.56640625,16,1
0,Subject12026.04.30_13.59.13.hdf5,367906,367906,718.56640625,16,1
0,Subject12026.04.30_13.59.13.hdf5,368417,368417,719.564453125,16,1
0,Subject12026.04.30_13.59.13.hdf5,368929,368929,720.564453125,16,1
0,Subject12026.04.30_13.59.13.hdf5,369442,369442,721.56640625,16,1
0,Subject12026.04.30_13.59.13.hdf5,369954,369954,722.56640625,16,1
0,Subject12026.04.30_13.59.13.hdf5,370466,370466,723.56640625,16,1
0,Subject12026.04.30_13.59.13.hdf5,370978,370978,724.56640625,16,1
0,Subject12026.04.30_13.59.13.hdf5,371489,371489,725.564453125,16,1
0,Subject12026.04.30_13.59.13.hdf5,372001,372001,726.564453125,16,1
0,Subject12026.04.30_13.59.13.hdf5,372513,372513,727.564453125,16,1
0,Subject12026.04.30_13.59.13.hdf5,374576,374576,731.59375,15,1
0,Subject12026.04.30_13.59.13.hdf5,375088,375088,732.59375,15,1
0,Subject12026.04.30_13.59.13.hdf5,375600,375600,733.59375,15,1
0,Subject12026.04.30_13.59.13.hdf5,376112,376112,734.59375,15,1
0,Subject12026.04.30_13.59.13.hdf5,376624,376624,735.59375,15,1
0,Subject12026.04.30_13.59.13.hdf5,377136,377136,736.59375,15,1
0,Subject12026.04.30_13.59.13.hdf5,377648,377648,737.59375,15,1
0,Subject12026.04.30_13.59.13.hdf5,378160,378160,738.59375,15,1
0,Subject12026.04.30_13.59.13.hdf5,378672,378672,739.59375,15,1
0,Subject12026.04.30_13.59.13.hdf5,379184,379184,740.59375,15,1
0,Subject12026.04.30_13.59.13.hdf5,379696,379696,741.59375,15,1
0,Subject12026.04.30_13.59.13.hdf5,380208,380208,742.59375,15,1
0,Subject12026.04.30_13.59.13.hdf5,380720,380720,743.59375,15,1
0,Subject12026.04.30_13.59.13.hdf5,381232,381232,744.59375,15,1
0,Subject12026.04.30_13.59.13.hdf5,381744,381744,745.59375,15,1
0,Subject12026.04.30_13.59.13.hdf5,382256,382256,746.59375,15,1
0,Subject12026.04.30_13.59.13.hdf5,382768,382768,747.59375,15,1
0,Subject12026.04.30_13.59.13.hdf5,383280,383280,748.59375,15,1
0,Subject12026.04.30_13.59.13.hdf5,383792,383792,749.59375,15,1
0,Subject12026.04.30_13.59.13.hdf5,384304,384304,750.59375,15,1
0,Subject12026.04.30_13.59.13.hdf5,384816,384816,751.59375,15,1
0,Subject12026.04.30_13.59.13.hdf5,385328,385328,752.59375,15,1
0,Subject12026.04.30_13.59.13.hdf5,385840,385840,753.59375,15,1
0,Subject12026.04.30_13.59.13.hdf5,386352,386352,754.59375,15,1
0,Subject12026.04.30_13.59.13.hdf5,386863,386863,755.591796875,15,1
0,Subject12026.04.30_13.59.13.hdf5,387375,387375,756.591796875,15,1
0,Subject12026.04.30_13.59.13.hdf5,387887,387887,757.591796875,15,1
0,Subject12026.04.30_13.59.13.hdf5,388399,388399,758.591796875,15,1
0,Subject12026.04.30_13.59.13.hdf5,388911,388911,759.591796875,15,1
0,Subject12026.04.30_13.59.13.hdf5,389423,389423,760.591796875,15,1
0,Subject12026.04.30_13.59.13.hdf5,391497,391497,764.642578125,15,1
0,Subject12026.04.30_13.59.13.hdf5,392009,392009,765.642578125,15,1
0,Subject12026.04.30_13.59.13.hdf5,392521,392521,766.642578125,15,1
0,Subject12026.04.30_13.59.13.hdf5,393033,393033,767.642578125,15,1
0,Subject12026.04.30_13.59.13.hdf5,393545,393545,768.642578125,15,1
0,Subject12026.04.30_13.59.13.hdf5,394057,394057,769.642578125,15,1
0,Subject12026.04.30_13.59.13.hdf5,394569,394569,770.642578125,15,1
0,Subject12026.04.30_13.59.13.hdf5,395081,395081,771.642578125,15,1
0,Subject12026.04.30_13.59.13.hdf5,395593,395593,772.642578125,15,1
0,Subject12026.04.30_13.59.13.hdf5,396105,396105,773.642578125,15,1
0,Subject12026.04.30_13.59.13.hdf5,396617,396617,774.642578125,15,1
0,Subject12026.04.30_13.59.13.hdf5,397129,397129,775.642578125,15,1
0,Subject12026.04.30_13.59.13.hdf5,397641,397641,776.642578125,15,1
0,Subject12026.04.30_13.59.13.hdf5,398153,398153,777.642578125,15,1
0,Subject12026.04.30_13.59.13.hdf5,398665,398665,778.642578125,15,1
0,Subject12026.04.30_13.59.13.hdf5,399177,399177,779.642578125,15,1
0,Subject12026.04.30_13.59.13.hdf5,399689,399689,780.642578125,15,1
0,Subject12026.04.30_13.59.13.hdf5,400201,400201,781.642578125,15,1
0,Subject12026.04.30_13.59.13.hdf5,400713,400713,782.642578125,15,1
0,Subject12026.04.30_13.59.13.hdf5,401225,401225,783.642578125,15,1
0,Subject12026.04.30_13.59.13.hdf5,401737,401737,784.642578125,15,1
0,Subject12026.04.30_13.59.13.hdf5,402249,402249,785.642578125,15,1
0,Subject12026.04.30_13.59.13.hdf5,402761,402761,786.642578125,15,1
0,Subject12026.04.30_13.59.13.hdf5,403273,403273,787.642578125,15,1
0,Subject12026.04.30_13.59.13.hdf5,403785,403785,788.642578125,15,1
0,Subject12026.04.30_13.59.13.hdf5,404297,404297,789.642578125,15,1
0,Subject12026.04.30_13.59.13.hdf5,404809,404809,790.642578125,15,1
0,Subject12026.04.30_13.59.13.hdf5,405321,405321,791.642578125,15,1
0,Subject12026.04.30_13.59.13.hdf5,405833,405833,792.642578125,15,1
0,Subject12026.04.30_13.59.13.hdf5,406345,406345,793.642578125,15,1
0,Subject12026.04.30_13.59.13.hdf5,430903,430903,841.607421875,15,1
0,Subject12026.04.30_13.59.13.hdf5,431415,431415,842.607421875,15,1
0,Subject12026.04.30_13.59.13.hdf5,431927,431927,843.607421875,15,1
0,Subject12026.04.30_13.59.13.hdf5,432439,432439,844.607421875,15,1
0,Subject12026.04.30_13.59.13.hdf5,432951,432951,845.607421875,15,1
0,Subject12026.04.30_13.59.13.hdf5,433463,433463,846.607421875,15,1
0,Subject12026.04.30_13.59.13.hdf5,433975,433975,847.607421875,15,1
0,Subject12026.04.30_13.59.13.hdf5,434487,434487,848.607421875,15,1
0,Subject12026.04.30_13.59.13.hdf5,434999,434999,849.607421875,15,1
0,Subject12026.04.30_13.59.13.hdf5,435511,435511,850.607421875,15,1
0,Subject12026.04.30_13.59.13.hdf5,436023,436023,851.607421875,15,1
0,Subject12026.04.30_13.59.13.hdf5,436535,436535,852.607421875,15,1
0,Subject12026.04.30_13.59.13.hdf5,437047,437047,853.607421875,15,1
0,Subject12026.04.30_13.59.13.hdf5,437559,437559,854.607421875,15,1
0,Subject12026.04.30_13.59.13.hdf5,438071,438071,855.607421875,15,1
0,Subject12026.04.30_13.59.13.hdf5,438583,438583,856.607421875,15,1
0,Subject12026.04.30_13.59.13.hdf5,439095,439095,857.607421875,15,1
0,Subject12026.04.30_13.59.13.hdf5,439607,439607,858.607421875,15,1
0,Subject12026.04.30_13.59.13.hdf5,440119,440119,859.607421875,15,1
0,Subject12026.04.30_13.59.13.hdf5,440631,440631,860.607421875,15,1
0,Subject12026.04.30_13.59.13.hdf5,441143,441143,861.607421875,15,1
0,Subject12026.04.30_13.59.13.hdf5,441655,441655,862.607421875,15,1
0,Subject12026.04.30_13.59.13.hdf5,442167,442167,863.607421875,15,1
0,Subject12026.04.30_13.59.13.hdf5,442679,442679,864.607421875,15,1
0,Subject12026.04.30_13.59.13.hdf5,443191,443191,865.607421875,15,1
0,Subject12026.04.30_13.59.13.hdf5,443703,443703,866.607421875,15,1
0,Subject12026.04.30_13.59.13.hdf5,444215,444215,867.607421875,15,1
0,Subject12026.04.30_13.59.13.hdf5,444727,444727,868.607421875,15,1
0,Subject12026.04.30_13.59.13.hdf5,445239,445239,869.607421875,15,1
0,Subject12026.04.30_13.59.13.hdf5,445751,445751,870.607421875,15,1
0,Subject12026.04.30_13.59.13.hdf5,447807,447807,874.623046875,15,1
0,Subject12026.04.30_13.59.13.hdf5,448319,448319,875.623046875,15,1
0,Subject12026.04.30_13.59.13.hdf5,448831,448831,876.623046875,15,1
0,Subject12026.04.30_13.59.13.hdf5,449343,449343,877.623046875,15,1
0,Subject12026.04.30_13.59.13.hdf5,449855,449855,878.623046875,15,1
0,Subject12026.04.30_13.59.13.hdf5,450367,450367,879.623046875,15,1
0,Subject12026.04.30_13.59.13.hdf5,450879,450879,880.623046875,15,1
0,Subject12026.04.30_13.59.13.hdf5,451391,451391,881.623046875,15,1
0,Subject12026.04.30_13.59.13.hdf5,451903,451903,882.623046875,15,1
0,Subject12026.04.30_13.59.13.hdf5,452415,452415,883.623046875,15,1
0,Subject12026.04.30_13.59.13.hdf5,452927,452927,884.623046875,15,1
0,Subject12026.04.30_13.59.13.hdf5,453439,453439,885.623046875,15,1
0,Subject12026.04.30_13.59.13.hdf5,453951,453951,886.623046875,15,1
0,Subject12026.04.30_13.59.13.hdf5,454463,454463,887.623046875,15,1
0,Subject12026.04.30_13.59.13.hdf5,454975,454975,888.623046875,15,1
0,Subject12026.04.30_13.59.13.hdf5,455487,455487,889.623046875,15,1
0,Subject12026.04.30_13.59.13.hdf5,455999,455999,890.623046875,15,1
0,Subject12026.04.30_13.59.13.hdf5,456511,456511,891.623046875,15,1
0,Subject12026.04.30_13.59.13.hdf5,457023,457023,892.623046875,15,1
0,Subject12026.04.30_13.59.13.hdf5,457535,457535,893.623046875,15,1
0,Subject12026.04.30_13.59.13.hdf5,458047,458047,894.623046875,15,1
0,Subject12026.04.30_13.59.13.hdf5,458559,458559,895.623046875,15,1
0,Subject12026.04.30_13.59.13.hdf5,459071,459071,896.623046875,15,1
0,Subject12026.04.30_13.59.13.hdf5,459583,459583,897.623046875,15,1
0,Subject12026.04.30_13.59.13.hdf5,460095,460095,898.623046875,15,1
0,Subject12026.04.30_13.59.13.hdf5,460607,460607,899.623046875,15,1
0,Subject12026.04.30_13.59.13.hdf5,461119,461119,900.623046875,15,1
0,Subject12026.04.30_13.59.13.hdf5,461631,461631,901.623046875,15,1
0,Subject12026.04.30_13.59.13.hdf5,462143,462143,902.623046875,15,1
0,Subject12026.04.30_13.59.13.hdf5,462655,462655,903.623046875,15,1
0,Subject12026.04.30_13.59.13.hdf5,464714,464714,907.64453125,16,1
0,Subject12026.04.30_13.59.13.hdf5,465226,465226,908.64453125,16,1
0,Subject12026.04.30_13.59.13.hdf5,465738,465738,909.64453125,16,1
0,Subject12026.04.30_13.59.13.hdf5,466250,466250,910.64453125,16,1
0,Subject12026.04.30_13.59.13.hdf5,466762,466762,911.64453125,16,1
0,Subject12026.04.30_13.59.13.hdf5,467274,467274,912.64453125,16,1
0,Subject12026.04.30_13.59.13.hdf5,467786,467786,913.64453125,16,1
0,Subject12026.04.30_13.59.13.hdf5,468298,468298,914.64453125,16,1
0,Subject12026.04.30_13.59.13.hdf5,468810,468810,915.64453125,16,1
0,Subject12026.04.30_13.59.13.hdf5,469322,469322,916.64453125,16,1
0,Subject12026.04.30_13.59.13.hdf5,469834,469834,917.64453125,16,1
0,Subject12026.04.30_13.59.13.hdf5,470346,470346,918.64453125,16,1
0,Subject12026.04.30_13.59.13.hdf5,470858,470858,919.64453125,16,1
0,Subject12026.04.30_13.59.13.hdf5,471370,471370,920.64453125,16,1
0,Subject12026.04.30_13.59.13.hdf5,471882,471882,921.64453125,16,1
0,Subject12026.04.30_13.59.13.hdf5,472394,472394,922.64453125,16,1
0,Subject12026.04.30_13.59.13.hdf5,472906,472906,923.64453125,16,1
0,Subject12026.04.30_13.59.13.hdf5,473418,473418,924.64453125,16,1
0,Subject12026.04.30_13.59.13.hdf5,473930,473930,925.64453125,16,1
0,Subject12026.04.30_13.59.13.hdf5,474442,474442,926.64453125,16,1
0,Subject12026.04.30_13.59.13.hdf5,474954,474954,927.64453125,16,1
0,Subject12026.04.30_13.59.13.hdf5,475466,475466,928.64453125,16,1
0,Subject12026.04.30_13.59.13.hdf5,475978,475978,929.64453125,16,1
0,Subject12026.04.30_13.59.13.hdf5,476490,476490,930.64453125,16,1
0,Subject12026.04.30_13.59.13.hdf5,477002,477002,931.64453125,16,1
0,Subject12026.04.30_13.59.13.hdf5,477514,477514,932.64453125,16,1
0,Subject12026.04.30_13.59.13.hdf5,478026,478026,933.64453125,16,1
0,Subject12026.04.30_13.59.13.hdf5,478538,478538,934.64453125,16,1
0,Subject12026.04.30_13.59.13.hdf5,479050,479050,935.64453125,16,1
0,Subject12026.04.30_13.59.13.hdf5,479562,479562,936.64453125,16,1
0,Subject12026.04.30_13.59.13.hdf5,481624,481624,940.671875,15,1
0,Subject12026.04.30_13.59.13.hdf5,482136,482136,941.671875,15,1
0,Subject12026.04.30_13.59.13.hdf5,482648,482648,942.671875,15,1
0,Subject12026.04.30_13.59.13.hdf5,483160,483160,943.671875,15,1
0,Subject12026.04.30_13.59.13.hdf5,483672,483672,944.671875,15,1
0,Subject12026.04.30_13.59.13.hdf5,484184,484184,945.671875,15,1
0,Subject12026.04.30_13.59.13.hdf5,484696,484696,946.671875,15,1
0,Subject12026.04.30_13.59.13.hdf5,485208,485208,947.671875,15,1
0,Subject12026.04.30_13.59.13.hdf5,485720,485720,948.671875,15,1
0,Subject12026.04.30_13.59.13.hdf5,486232,486232,949.671875,15,1
0,Subject12026.04.30_13.59.13.hdf5,486744,486744,950.671875,15,1
0,Subject12026.04.30_13.59.13.hdf5,487256,487256,951.671875,15,1
0,Subject12026.04.30_13.59.13.hdf5,487768,487768,952.671875,15,1
0,Subject12026.04.30_13.59.13.hdf5,488280,488280,953.671875,15,1
0,Subject12026.04.30_13.59.13.hdf5,488792,488792,954.671875,15,1
0,Subject12026.04.30_13.59.13.hdf5,489304,489304,955.671875,15,1
0,Subject12026.04.30_13.59.13.hdf5,489816,489816,956.671875,15,1
0,Subject12026.04.30_13.59.13.hdf5,490328,490328,957.671875,15,1
0,Subject12026.04.30_13.59.13.hdf5,490840,490840,958.671875,15,1
0,Subject12026.04.30_13.59.13.hdf5,491352,491352,959.671875,15,1
0,Subject12026.04.30_13.59.13.hdf5,491864,491864,960.671875,15,1
0,Subject12026.04.30_13.59.13.hdf5,492376,492376,961.671875,15,1
0,Subject12026.04.30_13.59.13.hdf5,492888,492888,962.671875,15,1
0,Subject12026.04.30_13.59.13.hdf5,493400,493400,963.671875,15,1
0,Subject12026.04.30_13.59.13.hdf5,493912,493912,964.671875,15,1
0,Subject12026.04.30_13.59.13.hdf5,494424,494424,965.671875,15,1
0,Subject12026.04.30_13.59.13.hdf5,494936,494936,966.671875,15,1
0,Subject12026.04.30_13.59.13.hdf5,495448,495448,967.671875,15,1
0,Subject12026.04.30_13.59.13.hdf5,495960,495960,968.671875,15,1
0,Subject12026.04.30_13.59.13.hdf5,496472,496472,969.671875,15,1
0,Subject12026.04.30_13.59.13.hdf5,498548,498548,973.7265625,16,1
0,Subject12026.04.30_13.59.13.hdf5,499060,499060,974.7265625,16,1
0,Subject12026.04.30_13.59.13.hdf5,499572,499572,975.7265625,16,1
0,Subject12026.04.30_13.59.13.hdf5,500084,500084,976.7265625,16,1
0,Subject12026.04.30_13.59.13.hdf5,500596,500596,977.7265625,16,1
0,Subject12026.04.30_13.59.13.hdf5,501108,501108,978.7265625,16,1
0,Subject12026.04.30_13.59.13.hdf5,501620,501620,979.7265625,16,1
0,Subject12026.04.30_13.59.13.hdf5,502132,502132,980.7265625,16,1
0,Subject12026.04.30_13.59.13.hdf5,502644,502644,981.7265625,16,1
0,Subject12026.04.30_13.59.13.hdf5,503156,503156,982.7265625,16,1
0,Subject12026.04.30_13.59.13.hdf5,503668,503668,983.7265625,16,1
0,Subject12026.04.30_13.59.13.hdf5,504180,504180,984.7265625,16,1
0,Subject12026.04.30_13.59.13.hdf5,504692,504692,985.7265625,16,1
0,Subject12026.04.30_13.59.13.hdf5,505204,505204,986.7265625,16,1
0,Subject12026.04.30_13.59.13.hdf5,505716,505716,987.7265625,16,1
0,Subject12026.04.30_13.59.13.hdf5,506228,506228,988.7265625,16,1
0,Subject12026.04.30_13.59.13.hdf5,506740,506740,989.7265625,16,1
0,Subject12026.04.30_13.59.13.hdf5,507252,507252,990.7265625,16,1
0,Subject12026.04.30_13.59.13.hdf5,507764,507764,991.7265625,16,1
0,Subject12026.04.30_13.59.13.hdf5,508276,508276,992.7265625,16,1
0,Subject12026.04.30_13.59.13.hdf5,508788,508788,993.7265625,16,1
0,Subject12026.04.30_13.59.13.hdf5,509300,509300,994.7265625,16,1
0,Subject12026.04.30_13.59.13.hdf5,509812,509812,995.7265625,16,1
0,Subject12026.04.30_13.59.13.hdf5,510324,510324,996.7265625,16,1
0,Subject12026.04.30_13.59.13.hdf5,510836,510836,997.7265625,16,1
0,Subject12026.04.30_13.59.13.hdf5,511348,511348,998.7265625,16,1
0,Subject12026.04.30_13.59.13.hdf5,511860,511860,999.7265625,16,1
0,Subject12026.04.30_13.59.13.hdf5,512372,512372,1000.7265625,16,1
0,Subject12026.04.30_13.59.13.hdf5,512884,512884,1001.7265625,16,1
0,Subject12026.04.30_13.59.13.hdf5,513396,513396,1002.7265625,16,1
0,Subject12026.04.30_13.59.13.hdf5,515461,515461,1006.759765625,16,1
0,Subject12026.04.30_13.59.13.hdf5,515973,515973,1007.759765625,16,1
0,Subject12026.04.30_13.59.13.hdf5,516485,516485,1008.759765625,16,1
0,Subject12026.04.30_13.59.13.hdf5,516997,516997,1009.759765625,16,1
0,Subject12026.04.30_13.59.13.hdf5,517509,517509,1010.759765625,16,1
0,Subject12026.04.30_13.59.13.hdf5,518021,518021,1011.759765625,16,1
0,Subject12026.04.30_13.59.13.hdf5,518533,518533,1012.759765625,16,1
0,Subject12026.04.30_13.59.13.hdf5,519045,519045,1013.759765625,16,1
0,Subject12026.04.30_13.59.13.hdf5,519557,519557,1014.759765625,16,1
0,Subject12026.04.30_13.59.13.hdf5,520069,520069,1015.759765625,16,1
0,Subject12026.04.30_13.59.13.hdf5,520581,520581,1016.759765625,16,1
0,Subject12026.04.30_13.59.13.hdf5,521093,521093,1017.759765625,16,1
0,Subject12026.04.30_13.59.13.hdf5,521605,521605,1018.759765625,16,1
0,Subject12026.04.30_13.59.13.hdf5,522117,522117,1019.759765625,16,1
0,Subject12026.04.30_13.59.13.hdf5,522629,522629,1020.759765625,16,1
0,Subject12026.04.30_13.59.13.hdf5,523141,523141,1021.759765625,16,1
0,Subject12026.04.30_13.59.13.hdf5,523653,523653,1022.759765625,16,1
0,Subject12026.04.30_13.59.13.hdf5,524165,524165,1023.759765625,16,1
0,Subject12026.04.30_13.59.13.hdf5,524677,524677,1024.759765625,16,1
0,Subject12026.04.30_13.59.13.hdf5,525189,525189,1025.759765625,16,1
0,Subject12026.04.30_13.59.13.hdf5,525701,525701,1026.759765625,16,1
0,Subject12026.04.30_13.59.13.hdf5,526213,526213,1027.759765625,16,1
0,Subject12026.04.30_13.59.13.hdf5,526725,526725,1028.759765625,16,1
0,Subject12026.04.30_13.59.13.hdf5,527237,527237,1029.759765625,16,1
0,Subject12026.04.30_13.59.13.hdf5,527748,527748,1030.7578125,16,1
0,Subject12026.04.30_13.59.13.hdf5,528260,528260,1031.7578125,16,1
0,Subject12026.04.30_13.59.13.hdf5,528772,528772,1032.7578125,16,1
0,Subject12026.04.30_13.59.13.hdf5,529284,529284,1033.7578125,16,1
0,Subject12026.04.30_13.59.13.hdf5,529796,529796,1034.7578125,16,1
0,Subject12026.04.30_13.59.13.hdf5,530308,530308,1035.7578125,16,1
0,Subject12026.04.30_13.59.13.hdf5,532379,532379,1039.802734375,15,1
0,Subject12026.04.30_13.59.13.hdf5,532891,532891,1040.802734375,15,1
0,Subject12026.04.30_13.59.13.hdf5,533403,533403,1041.802734375,15,1
0,Subject12026.04.30_13.59.13.hdf5,533915,533915,1042.802734375,15,1
0,Subject12026.04.30_13.59.13.hdf5,534427,534427,1043.802734375,15,1
0,Subject12026.04.30_13.59.13.hdf5,534939,534939,1044.802734375,15,1
0,Subject12026.04.30_13.59.13.hdf5,535451,535451,1045.802734375,15,1
0,Subject12026.04.30_13.59.13.hdf5,535963,535963,1046.802734375,15,1
0,Subject12026.04.30_13.59.13.hdf5,536475,536475,1047.802734375,15,1
0,Subject12026.04.30_13.59.13.hdf5,536987,536987,1048.802734375,15,1
0,Subject12026.04.30_13.59.13.hdf5,537499,537499,1049.802734375,15,1
0,Subject12026.04.30_13.59.13.hdf5,538011,538011,1050.802734375,15,1
0,Subject12026.04.30_13.59.13.hdf5,538523,538523,1051.802734375,15,1
0,Subject12026.04.30_13.59.13.hdf5,539035,539035,1052.802734375,15,1
0,Subject12026.04.30_13.59.13.hdf5,539547,539547,1053.802734375,15,1
0,Subject12026.04.30_13.59.13.hdf5,540059,540059,1054.802734375,15,1
0,Subject12026.04.30_13.59.13.hdf5,540571,540571,1055.802734375,15,1
0,Subject12026.04.30_13.59.13.hdf5,541083,541083,1056.802734375,15,1
0,Subject12026.04.30_13.59.13.hdf5,541595,541595,1057.802734375,15,1
0,Subject12026.04.30_13.59.13.hdf5,542107,542107,1058.802734375,15,1
0,Subject12026.04.30_13.59.13.hdf5,542619,542619,1059.802734375,15,1
0,Subject12026.04.30_13.59.13.hdf5,543131,543131,1060.802734375,15,1
0,Subject12026.04.30_13.59.13.hdf5,543643,543643,1061.802734375,15,1
0,Subject12026.04.30_13.59.13.hdf5,544155,544155,1062.802734375,15,1
0,Subject12026.04.30_13.59.13.hdf5,544667,544667,1063.802734375,15,1
0,Subject12026.04.30_13.59.13.hdf5,545179,545179,1064.802734375,15,1
0,Subject12026.04.30_13.59.13.hdf5,545691,545691,1065.802734375,15,1
0,Subject12026.04.30_13.59.13.hdf5,546203,546203,1066.802734375,15,1
0,Subject12026.04.30_13.59.13.hdf5,546715,546715,1067.802734375,15,1
0,Subject12026.04.30_13.59.13.hdf5,547227,547227,1068.802734375,15,1
0,Subject12026.04.30_13.59.13.hdf5,549295,549295,1072.841796875,16,1
0,Subject12026.04.30_13.59.13.hdf5,549807,549807,1073.841796875,16,1
0,Subject12026.04.30_13.59.13.hdf5,550319,550319,1074.841796875,16,1
0,Subject12026.04.30_13.59.13.hdf5,550831,550831,1075.841796875,16,1
0,Subject12026.04.30_13.59.13.hdf5,551343,551343,1076.841796875,16,1
0,Subject12026.04.30_13.59.13.hdf5,551855,551855,1077.841796875,16,1
0,Subject12026.04.30_13.59.13.hdf5,552367,552367,1078.841796875,16,1
0,Subject12026.04.30_13.59.13.hdf5,552879,552879,1079.841796875,16,1
0,Subject12026.04.30_13.59.13.hdf5,553391,553391,1080.841796875,16,1
0,Subject12026.04.30_13.59.13.hdf5,553903,553903,1081.841796875,16,1
0,Subject12026.04.30_13.59.13.hdf5,554415,554415,1082.841796875,16,1
0,Subject12026.04.30_13.59.13.hdf5,554927,554927,1083.841796875,16,1
0,Subject12026.04.30_13.59.13.hdf5,555439,555439,1084.841796875,16,1
0,Subject12026.04.30_13.59.13.hdf5,555951,555951,1085.841796875,16,1
0,Subject12026.04.30_13.59.13.hdf5,556463,556463,1086.841796875,16,1
0,Subject12026.04.30_13.59.13.hdf5,556975,556975,1087.841796875,16,1
0,Subject12026.04.30_13.59.13.hdf5,557487,557487,1088.841796875,16,1
0,Subject12026.04.30_13.59.13.hdf5,557999,557999,1089.841796875,16,1
0,Subject12026.04.30_13.59.13.hdf5,558511,558511,1090.841796875,16,1
0,Subject12026.04.30_13.59.13.hdf5,559023,559023,1091.841796875,16,1
0,Subject12026.04.30_13.59.13.hdf5,559535,559535,1092.841796875,16,1
0,Subject12026.04.30_13.59.13.hdf5,560047,560047,1093.841796875,16,1
0,Subject12026.04.30_13.59.13.hdf5,560559,560559,1094.841796875,16,1
0,Subject12026.04.30_13.59.13.hdf5,561071,561071,1095.841796875,16,1
0,Subject12026.04.30_13.59.13.hdf5,561583,561583,1096.841796875,16,1
0,Subject12026.04.30_13.59.13.hdf5,562095,562095,1097.841796875,16,1
0,Subject12026.04.30_13.59.13.hdf5,562606,562606,1098.83984375,16,1
0,Subject12026.04.30_13.59.13.hdf5,563118,563118,1099.83984375,16,1
0,Subject12026.04.30_13.59.13.hdf5,563630,563630,1100.83984375,16,1
0,Subject12026.04.30_13.59.13.hdf5,564142,564142,1101.83984375,16,1
0,Subject12026.04.30_13.59.13.hdf5,566207,566207,1105.873046875,16,1
0,Subject12026.04.30_13.59.13.hdf5,566719,566719,1106.873046875,16,1
0,Subject12026.04.30_13.59.13.hdf5,567231,567231,1107.873046875,16,1
0,Subject12026.04.30_13.59.13.hdf5,567743,567743,1108.873046875,16,1
0,Subject12026.04.30_13.59.13.hdf5,568255,568255,1109.873046875,16,1
0,Subject12026.04.30_13.59.13.hdf5,568767,568767,1110.873046875,16,1
0,Subject12026.04.30_13.59.13.hdf5,569279,569279,1111.873046875,16,1
0,Subject12026.04.30_13.59.13.hdf5,569791,569791,1112.873046875,16,1
0,Subject12026.04.30_13.59.13.hdf5,570303,570303,1113.873046875,16,1
0,Subject12026.04.30_13.59.13.hdf5,570815,570815,1114.873046875,16,1
0,Subject12026.04.30_13.59.13.hdf5,571327,571327,1115.873046875,16,1
0,Subject12026.04.30_13.59.13.hdf5,571839,571839,1116.873046875,16,1
0,Subject12026.04.30_13.59.13.hdf5,572351,572351,1117.873046875,16,1
0,Subject12026.04.30_13.59.13.hdf5,572863,572863,1118.873046875,16,1
0,Subject12026.04.30_13.59.13.hdf5,573375,573375,1119.873046875,16,1
0,Subject12026.04.30_13.59.13.hdf5,573887,573887,1120.873046875,16,1
0,Subject12026.04.30_13.59.13.hdf5,574399,574399,1121.873046875,16,1
0,Subject12026.04.30_13.59.13.hdf5,574911,574911,1122.873046875,16,1
0,Subject12026.04.30_13.59.13.hdf5,575423,575423,1123.873046875,16,1
0,Subject12026.04.30_13.59.13.hdf5,575935,575935,1124.873046875,16,1
0,Subject12026.04.30_13.59.13.hdf5,576447,576447,1125.873046875,16,1
0,Subject12026.04.30_13.59.13.hdf5,576959,576959,1126.873046875,16,1
0,Subject12026.04.30_13.59.13.hdf5,577471,577471,1127.873046875,16,1
0,Subject12026.04.30_13.59.13.hdf5,577983,577983,1128.873046875,16,1
0,Subject12026.04.30_13.59.13.hdf5,578495,578495,1129.873046875,16,1
0,Subject12026.04.30_13.59.13.hdf5,579007,579007,1130.873046875,16,1
0,Subject12026.04.30_13.59.13.hdf5,579519,579519,1131.873046875,16,1
0,Subject12026.04.30_13.59.13.hdf5,580031,580031,1132.873046875,16,1
0,Subject12026.04.30_13.59.13.hdf5,580543,580543,1133.873046875,16,1
0,Subject12026.04.30_13.59.13.hdf5,581055,581055,1134.873046875,16,1
0,Subject12026.04.30_13.59.13.hdf5,583118,583118,1138.90234375,15,1
0,Subject12026.04.30_13.59.13.hdf5,583630,583630,1139.90234375,15,1
0,Subject12026.04.30_13.59.13.hdf5,584142,584142,1140.90234375,15,1
0,Subject12026.04.30_13.59.13.hdf5,584654,584654,1141.90234375,15,1
0,Subject12026.04.30_13.59.13.hdf5,585166,585166,1142.90234375,15,1
0,Subject12026.04.30_13.59.13.hdf5,585678,585678,1143.90234375,15,1
0,Subject12026.04.30_13.59.13.hdf5,586190,586190,1144.90234375,15,1
0,Subject12026.04.30_13.59.13.hdf5,586702,586702,1145.90234375,15,1
0,Subject12026.04.30_13.59.13.hdf5,587214,587214,1146.90234375,15,1
0,Subject12026.04.30_13.59.13.hdf5,587726,587726,1147.90234375,15,1
0,Subject12026.04.30_13.59.13.hdf5,588238,588238,1148.90234375,15,1
0,Subject12026.04.30_13.59.13.hdf5,588750,588750,1149.90234375,15,1
0,Subject12026.04.30_13.59.13.hdf5,589261,589261,1150.900390625,15,1
0,Subject12026.04.30_13.59.13.hdf5,589773,589773,1151.900390625,15,1
0,Subject12026.04.30_13.59.13.hdf5,590285,590285,1152.900390625,15,1
0,Subject12026.04.30_13.59.13.hdf5,590797,590797,1153.900390625,15,1
0,Subject12026.04.30_13.59.13.hdf5,591309,591309,1154.900390625,15,1
0,Subject12026.04.30_13.59.13.hdf5,591821,591821,1155.900390625,15,1
0,Subject12026.04.30_13.59.13.hdf5,592333,592333,1156.900390625,15,1
0,Subject12026.04.30_13.59.13.hdf5,592845,592845,1157.900390625,15,1
0,Subject12026.04.30_13.59.13.hdf5,593357,593357,1158.900390625,15,1
0,Subject12026.04.30_13.59.13.hdf5,593869,593869,1159.900390625,15,1
0,Subject12026.04.30_13.59.13.hdf5,594381,594381,1160.900390625,15,1
0,Subject12026.04.30_13.59.13.hdf5,594893,594893,1161.900390625,15,1
0,Subject12026.04.30_13.59.13.hdf5,595405,595405,1162.900390625,15,1
0,Subject12026.04.30_13.59.13.hdf5,595917,595917,1163.900390625,15,1
0,Subject12026.04.30_13.59.13.hdf5,596429,596429,1164.900390625,15,1
0,Subject12026.04.30_13.59.13.hdf5,596941,596941,1165.900390625,15,1
0,Subject12026.04.30_13.59.13.hdf5,597453,597453,1166.900390625,15,1
0,Subject12026.04.30_13.59.13.hdf5,597965,597965,1167.900390625,15,1
1,Subject1-12026.04.30_14.20.19.hdf5,5105,619525,1210.009765625,15,1
1,Subject1-12026.04.30_14.20.19.hdf5,5617,620037,1211.009765625,15,1
1,Subject1-12026.04.30_14.20.19.hdf5,6129,620549,1212.009765625,15,1
1,Subject1-12026.04.30_14.20.19.hdf5,6641,621061,1213.009765625,15,1
1,Subject1-12026.04.30_14.20.19.hdf5,7153,621573,1214.009765625,15,1
1,Subject1-12026.04.30_14.20.19.hdf5,7665,622085,1215.009765625,15,1
1,Subject1-12026.04.30_14.20.19.hdf5,8177,622597,1216.009765625,15,1
1,Subject1-12026.04.30_14.20.19.hdf5,8689,623109,1217.009765625,15,1
1,Subject1-12026.04.30_14.20.19.hdf5,9201,623621,1218.009765625,15,1
1,Subject1-12026.04.30_14.20.19.hdf5,9713,624133,1219.009765625,15,1
1,Subject1-12026.04.30_14.20.19.hdf5,10225,624645,1220.009765625,15,1
1,Subject1-12026.04.30_14.20.19.hdf5,10737,625157,1221.009765625,15,1
1,Subject1-12026.04.30_14.20.19.hdf5,11249,625669,1222.009765625,15,1
1,Subject1-12026.04.30_14.20.19.hdf5,11761,626181,1223.009765625,15,1
1,Subject1-12026.04.30_14.20.19.hdf5,12273,626693,1224.009765625,15,1
1,Subject1-12026.04.30_14.20.19.hdf5,12785,627205,1225.009765625,15,1
1,Subject1-12026.04.30_14.20.19.hdf5,13297,627717,1226.009765625,15,1
1,Subject1-12026.04.30_14.20.19.hdf5,13809,628229,1227.009765625,15,1
1,Subject1-12026.04.30_14.20.19.hdf5,14321,628741,1228.009765625,15,1
1,Subject1-12026.04.30_14.20.19.hdf5,14833,629253,1229.009765625,15,1
1,Subject1-12026.04.30_14.20.19.hdf5,15345,629765,1230.009765625,15,1
1,Subject1-12026.04.30_14.20.19.hdf5,15857,630277,1231.009765625,15,1
1,Subject1-12026.04.30_14.20.19.hdf5,16369,630789,1232.009765625,15,1
1,Subject1-12026.04.30_14.20.19.hdf5,16881,631301,1233.009765625,15,1
1,Subject1-12026.04.30_14.20.19.hdf5,17393,631813,1234.009765625,15,1
1,Subject1-12026.04.30_14.20.19.hdf5,17905,632325,1235.009765625,15,1
1,Subject1-12026.04.30_14.20.19.hdf5,18417,632837,1236.009765625,15,1
1,Subject1-12026.04.30_14.20.19.hdf5,18929,633349,1237.009765625,15,1
1,Subject1-12026.04.30_14.20.19.hdf5,19441,633861,1238.009765625,15,1
1,Subject1-12026.04.30_14.20.19.hdf5,19953,634373,1239.009765625,15,1
1,Subject1-12026.04.30_14.20.19.hdf5,22020,636440,1243.046875,16,1
1,Subject1-12026.04.30_14.20.19.hdf5,22532,636952,1244.046875,16,1
1,Subject1-12026.04.30_14.20.19.hdf5,23044,637464,1245.046875,16,1
1,Subject1-12026.04.30_14.20.19.hdf5,23556,637976,1246.046875,16,1
1,Subject1-12026.04.30_14.20.19.hdf5,24068,638488,1247.046875,16,1
1,Subject1-12026.04.30_14.20.19.hdf5,24580,639000,1248.046875,16,1
1,Subject1-12026.04.30_14.20.19.hdf5,25092,639512,1249.046875,16,1
1,Subject1-12026.04.30_14.20.19.hdf5,25604,640024,1250.046875,16,1
1,Subject1-12026.04.30_14.20.19.hdf5,26116,640536,1251.046875,16,1
1,Subject1-12026.04.30_14.20.19.hdf5,26628,641048,1252.046875,16,1
1,Subject1-12026.04.30_14.20.19.hdf5,27140,641560,1253.046875,16,1
1,Subject1-12026.04.30_14.20.19.hdf5,27652,642072,1254.046875,16,1
1,Subject1-12026.04.30_14.20.19.hdf5,28164,642584,1255.046875,16,1
1,Subject1-12026.04.30_14.20.19.hdf5,28676,643096,1256.046875,16,1
1,Subject1-12026.04.30_14.20.19.hdf5,29188,643608,1257.046875,16,1
1,Subject1-12026.04.30_14.20.19.hdf5,29700,644120,1258.046875,16,1
1,Subject1-12026.04.30_14.20.19.hdf5,30212,644632,1259.046875,16,1
1,Subject1-12026.04.30_14.20.19.hdf5,30724,645144,1260.046875,16,1
1,Subject1-12026.04.30_14.20.19.hdf5,31236,645656,1261.046875,16,1
1,Subject1-12026.04.30_14.20.19.hdf5,31748,646168,1262.046875,16,1
1,Subject1-12026.04.30_14.20.19.hdf5,32260,646680,1263.046875,16,1
1,Subject1-12026.04.30_14.20.19.hdf5,32772,647192,1264.046875,16,1
1,Subject1-12026.04.30_14.20.19.hdf5,33284,647704,1265.046875,16,1
1,Subject1-12026.04.30_14.20.19.hdf5,33796,648216,1266.046875,16,1
1,Subject1-12026.04.30_14.20.19.hdf5,34308,648728,1267.046875,16,1
1,Subject1-12026.04.30_14.20.19.hdf5,34820,649240,1268.046875,16,1
1,Subject1-12026.04.30_14.20.19.hdf5,35332,649752,1269.046875,16,1
1,Subject1-12026.04.30_14.20.19.hdf5,35844,650264,1270.046875,16,1
1,Subject1-12026.04.30_14.20.19.hdf5,36356,650776,1271.046875,16,1
1,Subject1-12026.04.30_14.20.19.hdf5,36868,651288,1272.046875,16,1
1,Subject1-12026.04.30_14.20.19.hdf5,38931,653351,1276.076171875,15,1
1,Subject1-12026.04.30_14.20.19.hdf5,39442,653862,1277.07421875,15,1
1,Subject1-12026.04.30_14.20.19.hdf5,39954,654374,1278.07421875,15,1
1,Subject1-12026.04.30_14.20.19.hdf5,40466,654886,1279.07421875,15,1
1,Subject1-12026.04.30_14.20.19.hdf5,40978,655398,1280.07421875,15,1
1,Subject1-12026.04.30_14.20.19.hdf5,41490,655910,1281.07421875,15,1
1,Subject1-12026.04.30_14.20.19.hdf5,42002,656422,1282.07421875,15,1
1,Subject1-12026.04.30_14.20.19.hdf5,42514,656934,1283.07421875,15,1
1,Subject1-12026.04.30_14.20.19.hdf5,43026,657446,1284.07421875,15,1
1,Subject1-12026.04.30_14.20.19.hdf5,43538,657958,1285.07421875,15,1
1,Subject1-12026.04.30_14.20.19.hdf5,44050,658470,1286.07421875,15,1
1,Subject1-12026.04.30_14.20.19.hdf5,44562,658982,1287.07421875,15,1
1,Subject1-12026.04.30_14.20.19.hdf5,45074,659494,1288.07421875,15,1
1,Subject1-12026.04.30_14.20.19.hdf5,45586,660006,1289.07421875,15,1
1,Subject1-12026.04.30_14.20.19.hdf5,46098,660518,1290.07421875,15,1
1,Subject1-12026.04.30_14.20.19.hdf5,46610,661030,1291.07421875,15,1
1,Subject1-12026.04.30_14.20.19.hdf5,47122,661542,1292.07421875,15,1
1,Subject1-12026.04.30_14.20.19.hdf5,47634,662054,1293.07421875,15,1
1,Subject1-12026.04.30_14.20.19.hdf5,48146,662566,1294.07421875,15,1
1,Subject1-12026.04.30_14.20.19.hdf5,48658,663078,1295.07421875,15,1
1,Subject1-12026.04.30_14.20.19.hdf5,49170,663590,1296.07421875,15,1
1,Subject1-12026.04.30_14.20.19.hdf5,49682,664102,1297.07421875,15,1
1,Subject1-12026.04.30_14.20.19.hdf5,50194,664614,1298.07421875,15,1
1,Subject1-12026.04.30_14.20.19.hdf5,50706,665126,1299.07421875,15,1
1,Subject1-12026.04.30_14.20.19.hdf5,51218,665638,1300.07421875,15,1
1,Subject1-12026.04.30_14.20.19.hdf5,51730,666150,1301.07421875,15,1
1,Subject1-12026.04.30_14.20.19.hdf5,52242,666662,1302.07421875,15,1
1,Subject1-12026.04.30_14.20.19.hdf5,52754,667174,1303.07421875,15,1
1,Subject1-12026.04.30_14.20.19.hdf5,53266,667686,1304.07421875,15,1
1,Subject1-12026.04.30_14.20.19.hdf5,53778,668198,1305.07421875,15,1
1,Subject1-12026.04.30_14.20.19.hdf5,55854,670274,1309.12890625,16,1
1,Subject1-12026.04.30_14.20.19.hdf5,56366,670786,1310.12890625,16,1
1,Subject1-12026.04.30_14.20.19.hdf5,56878,671298,1311.12890625,16,1
1,Subject1-12026.04.30_14.20.19.hdf5,57390,671810,1312.12890625,16,1
1,Subject1-12026.04.30_14.20.19.hdf5,57902,672322,1313.12890625,16,1
1,Subject1-12026.04.30_14.20.19.hdf5,58414,672834,1314.12890625,16,1
1,Subject1-12026.04.30_14.20.19.hdf5,58926,673346,1315.12890625,16,1
1,Subject1-12026.04.30_14.20.19.hdf5,59438,673858,1316.12890625,16,1
1,Subject1-12026.04.30_14.20.19.hdf5,59950,674370,1317.12890625,16,1
1,Subject1-12026.04.30_14.20.19.hdf5,60462,674882,1318.12890625,16,1
1,Subject1-12026.04.30_14.20.19.hdf5,60974,675394,1319.12890625,16,1
1,Subject1-12026.04.30_14.20.19.hdf5,61486,675906,1320.12890625,16,1
1,Subject1-12026.04.30_14.20.19.hdf5,61998,676418,1321.12890625,16,1
1,Subject1-12026.04.30_14.20.19.hdf5,62510,676930,1322.12890625,16,1
1,Subject1-12026.04.30_14.20.19.hdf5,63022,677442,1323.12890625,16,1
1,Subject1-12026.04.30_14.20.19.hdf5,63534,677954,1324.12890625,16,1
1,Subject1-12026.04.30_14.20.19.hdf5,64046,678466,1325.12890625,16,1
1,Subject1-12026.04.30_14.20.19.hdf5,64558,678978,1326.12890625,16,1
1,Subject1-12026.04.30_14.20.19.hdf5,65070,679490,1327.12890625,16,1
1,Subject1-12026.04.30_14.20.19.hdf5,65582,680002,1328.12890625,16,1
1,Subject1-12026.04.30_14.20.19.hdf5,66094,680514,1329.12890625,16,1
1,Subject1-12026.04.30_14.20.19.hdf5,66606,681026,1330.12890625,16,1
1,Subject1-12026.04.30_14.20.19.hdf5,67118,681538,1331.12890625,16,1
1,Subject1-12026.04.30_14.20.19.hdf5,67630,682050,1332.12890625,16,1
1,Subject1-12026.04.30_14.20.19.hdf5,68142,682562,1333.12890625,16,1
1,Subject1-12026.04.30_14.20.19.hdf5,68654,683074,1334.12890625,16,1
1,Subject1-12026.04.30_14.20.19.hdf5,69166,683586,1335.12890625,16,1
1,Subject1-12026.04.30_14.20.19.hdf5,69678,684098,1336.12890625,16,1
1,Subject1-12026.04.30_14.20.19.hdf5,70190,684610,1337.12890625,16,1
1,Subject1-12026.04.30_14.20.19.hdf5,70702,685122,1338.12890625,16,1
1,Subject1-12026.04.30_14.20.19.hdf5,72767,687187,1342.162109375,16,1
1,Subject1-12026.04.30_14.20.19.hdf5,73279,687699,1343.162109375,16,1
1,Subject1-12026.04.30_14.20.19.hdf5,73791,688211,1344.162109375,16,1
1,Subject1-12026.04.30_14.20.19.hdf5,74303,688723,1345.162109375,16,1
1,Subject1-12026.04.30_14.20.19.hdf5,74815,689235,1346.162109375,16,1
1,Subject1-12026.04.30_14.20.19.hdf5,75327,689747,1347.162109375,16,1
1,Subject1-12026.04.30_14.20.19.hdf5,75839,690259,1348.162109375,16,1
1,Subject1-12026.04.30_14.20.19.hdf5,76351,690771,1349.162109375,16,1
1,Subject1-12026.04.30_14.20.19.hdf5,76863,691283,1350.162109375,16,1
1,Subject1-12026.04.30_14.20.19.hdf5,77375,691795,1351.162109375,16,1
1,Subject1-12026.04.30_14.20.19.hdf5,77887,692307,1352.162109375,16,1
1,Subject1-12026.04.30_14.20.19.hdf5,78399,692819,1353.162109375,16,1
1,Subject1-12026.04.30_14.20.19.hdf5,78911,693331,1354.162109375,16,1
1,Subject1-12026.04.30_14.20.19.hdf5,79423,693843,1355.162109375,16,1
1,Subject1-12026.04.30_14.20.19.hdf5,79935,694355,1356.162109375,16,1
1,Subject1-12026.04.30_14.20.19.hdf5,80447,694867,1357.162109375,16,1
1,Subject1-12026.04.30_14.20.19.hdf5,80959,695379,1358.162109375,16,1
1,Subject1-12026.04.30_14.20.19.hdf5,81471,695891,1359.162109375,16,1
1,Subject1-12026.04.30_14.20.19.hdf5,81983,696403,1360.162109375,16,1
1,Subject1-12026.04.30_14.20.19.hdf5,82495,696915,1361.162109375,16,1
1,Subject1-12026.04.30_14.20.19.hdf5,83007,697427,1362.162109375,16,1
1,Subject1-12026.04.30_14.20.19.hdf5,83519,697939,1363.162109375,16,1
1,Subject1-12026.04.30_14.20.19.hdf5,84031,698451,1364.162109375,16,1
1,Subject1-12026.04.30_14.20.19.hdf5,84543,698963,1365.162109375,16,1
1,Subject1-12026.04.30_14.20.19.hdf5,85055,699475,1366.162109375,16,1
1,Subject1-12026.04.30_14.20.19.hdf5,85567,699987,1367.162109375,16,1
1,Subject1-12026.04.30_14.20.19.hdf5,86079,700499,1368.162109375,16,1
1,Subject1-12026.04.30_14.20.19.hdf5,86591,701011,1369.162109375,16,1
1,Subject1-12026.04.30_14.20.19.hdf5,87103,701523,1370.162109375,16,1
1,Subject1-12026.04.30_14.20.19.hdf5,87615,702035,1371.162109375,16,1
1,Subject1-12026.04.30_14.20.19.hdf5,89686,704106,1375.20703125,15,1
1,Subject1-12026.04.30_14.20.19.hdf5,90198,704618,1376.20703125,15,1
1,Subject1-12026.04.30_14.20.19.hdf5,90710,705130,1377.20703125,15,1
1,Subject1-12026.04.30_14.20.19.hdf5,91222,705642,1378.20703125,15,1
1,Subject1-12026.04.30_14.20.19.hdf5,91734,706154,1379.20703125,15,1
1,Subject1-12026.04.30_14.20.19.hdf5,92246,706666,1380.20703125,15,1
1,Subject1-12026.04.30_14.20.19.hdf5,92758,707178,1381.20703125,15,1
1,Subject1-12026.04.30_14.20.19.hdf5,93270,707690,1382.20703125,15,1
1,Subject1-12026.04.30_14.20.19.hdf5,93782,708202,1383.20703125,15,1
1,Subject1-12026.04.30_14.20.19.hdf5,94294,708714,1384.20703125,15,1
1,Subject1-12026.04.30_14.20.19.hdf5,94806,709226,1385.20703125,15,1
1,Subject1-12026.04.30_14.20.19.hdf5,95318,709738,1386.20703125,15,1
1,Subject1-12026.04.30_14.20.19.hdf5,95830,710250,1387.20703125,15,1
1,Subject1-12026.04.30_14.20.19.hdf5,96342,710762,1388.20703125,15,1
1,Subject1-12026.04.30_14.20.19.hdf5,96854,711274,1389.20703125,15,1
1,Subject1-12026.04.30_14.20.19.hdf5,97366,711786,1390.20703125,15,1
1,Subject1-12026.04.30_14.20.19.hdf5,97878,712298,1391.20703125,15,1
1,Subject1-12026.04.30_14.20.19.hdf5,98390,712810,1392.20703125,15,1
1,Subject1-12026.04.30_14.20.19.hdf5,98902,713322,1393.20703125,15,1
1,Subject1-12026.04.30_14.20.19.hdf5,99414,713834,1394.20703125,15,1
1,Subject1-12026.04.30_14.20.19.hdf5,99926,714346,1395.20703125,15,1
1,Subject1-12026.04.30_14.20.19.hdf5,100438,714858,1396.20703125,15,1
1,Subject1-12026.04.30_14.20.19.hdf5,100950,715370,1397.20703125,15,1
1,Subject1-12026.04.30_14.20.19.hdf5,101462,715882,1398.20703125,15,1
1,Subject1-12026.04.30_14.20.19.hdf5,101974,716394,1399.20703125,15,1
1,Subject1-12026.04.30_14.20.19.hdf5,102486,716906,1400.20703125,15,1
1,Subject1-12026.04.30_14.20.19.hdf5,102998,717418,1401.20703125,15,1
1,Subject1-12026.04.30_14.20.19.hdf5,103509,717929,1402.205078125,15,1
1,Subject1-12026.04.30_14.20.19.hdf5,104021,718441,1403.205078125,15,1
1,Subject1-12026.04.30_14.20.19.hdf5,104533,718953,1404.205078125,15,1
1,Subject1-12026.04.30_14.20.19.hdf5,106598,721018,1408.23828125,15,1
1,Subject1-12026.04.30_14.20.19.hdf5,107110,721530,1409.23828125,15,1
1,Subject1-12026.04.30_14.20.19.hdf5,107622,722042,1410.23828125,15,1
1,Subject1-12026.04.30_14.20.19.hdf5,108134,722554,1411.23828125,15,1
1,Subject1-12026.04.30_14.20.19.hdf5,108646,723066,1412.23828125,15,1
1,Subject1-12026.04.30_14.20.19.hdf5,109158,723578,1413.23828125,15,1
1,Subject1-12026.04.30_14.20.19.hdf5,109670,724090,1414.23828125,15,1
1,Subject1-12026.04.30_14.20.19.hdf5,110182,724602,1415.23828125,15,1
1,Subject1-12026.04.30_14.20.19.hdf5,110694,725114,1416.23828125,15,1
1,Subject1-12026.04.30_14.20.19.hdf5,111206,725626,1417.23828125,15,1
1,Subject1-12026.04.30_14.20.19.hdf5,111718,726138,1418.23828125,15,1
1,Subject1-12026.04.30_14.20.19.hdf5,112230,726650,1419.23828125,15,1
1,Subject1-12026.04.30_14.20.19.hdf5,112742,727162,1420.23828125,15,1
1,Subject1-12026.04.30_14.20.19.hdf5,113254,727674,1421.23828125,15,1
1,Subject1-12026.04.30_14.20.19.hdf5,113766,728186,1422.23828125,15,1
1,Subject1-12026.04.30_14.20.19.hdf5,114278,728698,1423.23828125,15,1
1,Subject1-12026.04.30_14.20.19.hdf5,114790,729210,1424.23828125,15,1
1,Subject1-12026.04.30_14.20.19.hdf5,115302,729722,1425.23828125,15,1
1,Subject1-12026.04.30_14.20.19.hdf5,115814,730234,1426.23828125,15,1
1,Subject1-12026.04.30_14.20.19.hdf5,116326,730746,1427.23828125,15,1
1,Subject1-12026.04.30_14.20.19.hdf5,116838,731258,1428.23828125,15,1
1,Subject1-12026.04.30_14.20.19.hdf5,117350,731770,1429.23828125,15,1
1,Subject1-12026.04.30_14.20.19.hdf5,117862,732282,1430.23828125,15,1
1,Subject1-12026.04.30_14.20.19.hdf5,118374,732794,1431.23828125,15,1
1,Subject1-12026.04.30_14.20.19.hdf5,118886,733306,1432.23828125,15,1
1,Subject1-12026.04.30_14.20.19.hdf5,119398,733818,1433.23828125,15,1
1,Subject1-12026.04.30_14.20.19.hdf5,119910,734330,1434.23828125,15,1
1,Subject1-12026.04.30_14.20.19.hdf5,120422,734842,1435.23828125,15,1
1,Subject1-12026.04.30_14.20.19.hdf5,120934,735354,1436.23828125,15,1
1,Subject1-12026.04.30_14.20.19.hdf5,121446,735866,1437.23828125,15,1
1,Subject1-12026.04.30_14.20.19.hdf5,123514,737934,1441.27734375,16,1
1,Subject1-12026.04.30_14.20.19.hdf5,124026,738446,1442.27734375,16,1
1,Subject1-12026.04.30_14.20.19.hdf5,124538,738958,1443.27734375,16,1
1,Subject1-12026.04.30_14.20.19.hdf5,125050,739470,1444.27734375,16,1
1,Subject1-12026.04.30_14.20.19.hdf5,125562,739982,1445.27734375,16,1
1,Subject1-12026.04.30_14.20.19.hdf5,126074,740494,1446.27734375,16,1
1,Subject1-12026.04.30_14.20.19.hdf5,126586,741006,1447.27734375,16,1
1,Subject1-12026.04.30_14.20.19.hdf5,127098,741518,1448.27734375,16,1
1,Subject1-12026.04.30_14.20.19.hdf5,127610,742030,1449.27734375,16,1
1,Subject1-12026.04.30_14.20.19.hdf5,128122,742542,1450.27734375,16,1
1,Subject1-12026.04.30_14.20.19.hdf5,128634,743054,1451.27734375,16,1
1,Subject1-12026.04.30_14.20.19.hdf5,129146,743566,1452.27734375,16,1
1,Subject1-12026.04.30_14.20.19.hdf5,129658,744078,1453.27734375,16,1
1,Subject1-12026.04.30_14.20.19.hdf5,130170,744590,1454.27734375,16,1
1,Subject1-12026.04.30_14.20.19.hdf5,130682,745102,1455.27734375,16,1
1,Subject1-12026.04.30_14.20.19.hdf5,131194,745614,1456.27734375,16,1
1,Subject1-12026.04.30_14.20.19.hdf5,131706,746126,1457.27734375,16,1
1,Subject1-12026.04.30_14.20.19.hdf5,132218,746638,1458.27734375,16,1
1,Subject1-12026.04.30_14.20.19.hdf5,132730,747150,1459.27734375,16,1
1,Subject1-12026.04.30_14.20.19.hdf5,133242,747662,1460.27734375,16,1
1,Subject1-12026.04.30_14.20.19.hdf5,133754,748174,1461.27734375,16,1
1,Subject1-12026.04.30_14.20.19.hdf5,134265,748685,1462.275390625,16,1
1,Subject1-12026.04.30_14.20.19.hdf5,134777,749197,1463.275390625,16,1
1,Subject1-12026.04.30_14.20.19.hdf5,135289,749709,1464.275390625,16,1
1,Subject1-12026.04.30_14.20.19.hdf5,135801,750221,1465.275390625,16,1
1,Subject1-12026.04.30_14.20.19.hdf5,136313,750733,1466.275390625,16,1
1,Subject1-12026.04.30_14.20.19.hdf5,136825,751245,1467.275390625,16,1
1,Subject1-12026.04.30_14.20.19.hdf5,137337,751757,1468.275390625,16,1
1,Subject1-12026.04.30_14.20.19.hdf5,137849,752269,1469.275390625,16,1
1,Subject1-12026.04.30_14.20.19.hdf5,138361,752781,1470.275390625,16,1
1,Subject1-12026.04.30_14.20.19.hdf5,140424,754844,1474.3046875,15,1
1,Subject1-12026.04.30_14.20.19.hdf5,140936,755356,1475.3046875,15,1
1,Subject1-12026.04.30_14.20.19.hdf5,141448,755868,1476.3046875,15,1
1,Subject1-12026.04.30_14.20.19.hdf5,141960,756380,1477.3046875,15,1
1,Subject1-12026.04.30_14.20.19.hdf5,142472,756892,1478.3046875,15,1
1,Subject1-12026.04.30_14.20.19.hdf5,142984,757404,1479.3046875,15,1
1,Subject1-12026.04.30_14.20.19.hdf5,143496,757916,1480.3046875,15,1
1,Subject1-12026.04.30_14.20.19.hdf5,144008,758428,1481.3046875,15,1
1,Subject1-12026.04.30_14.20.19.hdf5,144520,758940,1482.3046875,15,1
1,Subject1-12026.04.30_14.20.19.hdf5,145032,759452,1483.3046875,15,1
1,Subject1-12026.04.30_14.20.19.hdf5,145544,759964,1484.3046875,15,1
1,Subject1-12026.04.30_14.20.19.hdf5,146056,760476,1485.3046875,15,1
1,Subject1-12026.04.30_14.20.19.hdf5,146568,760988,1486.3046875,15,1
1,Subject1-12026.04.30_14.20.19.hdf5,147080,761500,1487.3046875,15,1
1,Subject1-12026.04.30_14.20.19.hdf5,147592,762012,1488.3046875,15,1
1,Subject1-12026.04.30_14.20.19.hdf5,148104,762524,1489.3046875,15,1
1,Subject1-12026.04.30_14.20.19.hdf5,148616,763036,1490.3046875,15,1
1,Subject1-12026.04.30_14.20.19.hdf5,149128,763548,1491.3046875,15,1
1,Subject1-12026.04.30_14.20.19.hdf5,149640,764060,1492.3046875,15,1
1,Subject1-12026.04.30_14.20.19.hdf5,150152,764572,1493.3046875,15,1
1,Subject1-12026.04.30_14.20.19.hdf5,150664,765084,1494.3046875,15,1
1,Subject1-12026.04.30_14.20.19.hdf5,151176,765596,1495.3046875,15,1
1,Subject1-12026.04.30_14.20.19.hdf5,151688,766108,1496.3046875,15,1
1,Subject1-12026.04.30_14.20.19.hdf5,152200,766620,1497.3046875,15,1
1,Subject1-12026.04.30_14.20.19.hdf5,152712,767132,1498.3046875,15,1
1,Subject1-12026.04.30_14.20.19.hdf5,153224,767644,1499.3046875,15,1
1,Subject1-12026.04.30_14.20.19.hdf5,153736,768156,1500.3046875,15,1
1,Subject1-12026.04.30_14.20.19.hdf5,154248,768668,1501.3046875,15,1
1,Subject1-12026.04.30_14.20.19.hdf5,154760,769180,1502.3046875,15,1
1,Subject1-12026.04.30_14.20.19.hdf5,155272,769692,1503.3046875,15,1
1,Subject1-12026.04.30_14.20.19.hdf5,157348,771768,1507.359375,16,1
1,Subject1-12026.04.30_14.20.19.hdf5,157860,772280,1508.359375,16,1
1,Subject1-12026.04.30_14.20.19.hdf5,158372,772792,1509.359375,16,1
1,Subject1-12026.04.30_14.20.19.hdf5,158884,773304,1510.359375,16,1
1,Subject1-12026.04.30_14.20.19.hdf5,159396,773816,1511.359375,16,1
1,Subject1-12026.04.30_14.20.19.hdf5,159908,774328,1512.359375,16,1
1,Subject1-12026.04.30_14.20.19.hdf5,160420,774840,1513.359375,16,1
1,Subject1-12026.04.30_14.20.19.hdf5,160932,775352,1514.359375,16,1
1,Subject1-12026.04.30_14.20.19.hdf5,161444,775864,1515.359375,16,1
1,Subject1-12026.04.30_14.20.19.hdf5,161956,776376,1516.359375,16,1
1,Subject1-12026.04.30_14.20.19.hdf5,162468,776888,1517.359375,16,1
1,Subject1-12026.04.30_14.20.19.hdf5,162980,777400,1518.359375,16,1
1,Subject1-12026.04.30_14.20.19.hdf5,163492,777912,1519.359375,16,1
1,Subject1-12026.04.30_14.20.19.hdf5,164004,778424,1520.359375,16,1
1,Subject1-12026.04.30_14.20.19.hdf5,164516,778936,1521.359375,16,1
1,Subject1-12026.04.30_14.20.19.hdf5,165028,779448,1522.359375,16,1
1,Subject1-12026.04.30_14.20.19.hdf5,165539,779959,1523.357421875,16,1
1,Subject1-12026.04.30_14.20.19.hdf5,166051,780471,1524.357421875,16,1
1,Subject1-12026.04.30_14.20.19.hdf5,166563,780983,1525.357421875,16,1
1,Subject1-12026.04.30_14.20.19.hdf5,167075,781495,1526.357421875,16,1
1,Subject1-12026.04.30_14.20.19.hdf5,167587,782007,1527.357421875,16,1
1,Subject1-12026.04.30_14.20.19.hdf5,168099,782519,1528.357421875,16,1
1,Subject1-12026.04.30_14.20.19.hdf5,168611,783031,1529.357421875,16,1
1,Subject1-12026.04.30_14.20.19.hdf5,169123,783543,1530.357421875,16,1
1,Subject1-12026.04.30_14.20.19.hdf5,169635,784055,1531.357421875,16,1
1,Subject1-12026.04.30_14.20.19.hdf5,170147,784567,1532.357421875,16,1
1,Subject1-12026.04.30_14.20.19.hdf5,170659,785079,1533.357421875,16,1
1,Subject1-12026.04.30_14.20.19.hdf5,171171,785591,1534.357421875,16,1
1,Subject1-12026.04.30_14.20.19.hdf5,171683,786103,1535.357421875,16,1
1,Subject1-12026.04.30_14.20.19.hdf5,172195,786615,1536.357421875,16,1
