channel_name,frequency_checked_hz,attend_side,is_target_frequency_for_trial,is_occipital_channel,qc_status,mean_snr_db,median_snr_db,n
AF3,9.0,left,True,False,review,-1.2844636051366352,-1.5115728220094704,20
AF3,9.0,right,False,False,review,-1.7653949316759328,-1.6616319760950575,20
AF3,14.0,left,False,False,review,-2.6607053004236683,-3.450376737219292,20
AF3,14.0,right,True,False,review,-1.0855597297899824,-0.8691473799142397,20
AF4,9.0,left,True,False,review,0.049101868794809725,-0.05032611489615313,20
AF4,9.0,right,False,False,review,-1.4943873953675066,-1.9955992117739054,20
AF4,14.0,left,False,False,review,-3.8877854872629136,-3.6058670262773704,20
AF4,14.0,right,True,False,review,-4.543574368842427,-4.688007151087044,20
AF7,9.0,left,True,False,review,-2.1843683367029807,-2.012519871855283,20
AF7,9.0,right,False,False,review,-2.373517177843384,-2.1530594655521513,20
AF7,14.0,left,False,False,review,-0.9312749874941868,-1.2948984310946186,20
AF7,14.0,right,True,False,review,0.3651988306581832,-0.5336605119101773,20
AF8,9.0,left,True,False,review,-9.934887776576206,-11.107805586980662,20
AF8,9.0,right,False,False,review,-12.549072806695467,-15.95373910803751,20
AF8,14.0,left,False,False,review,-2.2637779159718967,-3.7756424681118466,20
AF8,14.0,right,True,False,review,0.28751474169683,-2.3607853116345052,20
AFz,9.0,left,True,False,review,0.3151190486157219,0.2493107617247345,20
AFz,9.0,right,False,False,review,-0.6683680578752786,-0.7795765491158867,20
AFz,14.0,left,False,False,review,-1.5451132569365607,-1.8323033167453522,20
AFz,14.0,right,True,False,review,-1.987407385939288,-1.327234601659013,20
C1,9.0,left,True,False,bad,-2.389085897448403,-2.7425929998740584,20
C1,9.0,right,False,False,bad,-1.770107409674893,-0.4456303426773439,20
C1,14.0,left,False,False,bad,-0.17453215273255046,-0.057833542115298925,20
C1,14.0,right,True,False,bad,-0.8978983755883576,-1.5721296255265218,20
C2,9.0,left,True,False,good,-2.322741301165823,-2.078638736820494,20
C2,9.0,right,False,False,good,-1.5713151021075904,-2.5194479899728424,20
C2,14.0,left,False,False,good,-1.1925089475184505,-1.2354227613440352,20
C2,14.0,right,True,False,good,-1.4050994642584498,-0.6896454090757973,20
C3,9.0,left,True,False,review,-0.3139360523138328,-0.5378504945285875,20
C3,9.0,right,False,False,review,-0.1429002572583681,0.37814666115195017,20
C3,14.0,left,False,False,review,-2.038934918589085,-2.0720311043359882,20
C3,14.0,right,True,False,review,-1.1055784660884738,-0.8443381122931731,20
C4,9.0,left,True,False,good,-2.506438054183726,-2.302304898348482,20
C4,9.0,right,False,False,good,-1.8690005557074532,-2.0544997061940986,20
C4,14.0,left,False,False,good,-1.1782996203848561,-1.1127496324291044,20
C4,14.0,right,True,False,good,-1.3319010178884387,-1.2301271615809952,20
C5,9.0,left,True,False,good,0.019714231763239977,-0.3337828238677235,20
C5,9.0,right,False,False,good,0.042412999779229785,-0.03574034481069953,20
C5,14.0,left,False,False,good,-1.862982022866366,-1.9426125623979922,20
C5,14.0,right,True,False,good,-0.19113898911587865,0.002306367167966804,20
C6,9.0,left,True,False,good,-0.467295794673927,-0.3958021032568636,20
C6,9.0,right,False,False,good,-1.3789878994771427,-1.6059463297207768,20
C6,14.0,left,False,False,good,-0.4744375628262091,-0.3394761095591308,20
C6,14.0,right,True,False,good,-0.23002978655742473,-0.4004156810484883,20
CP1,9.0,left,True,False,good,0.5655044619903855,0.3468920909337714,20
CP1,9.0,right,False,False,good,0.06449462086708849,0.1449699089833923,20
CP1,14.0,left,False,False,good,-1.914516125924613,-1.7714233778753847,20
CP1,14.0,right,True,False,good,-1.3086669764360521,-1.0589308143200011,20
CP2,9.0,left,True,False,good,-0.9594205355178062,-1.2600041087224576,20
CP2,9.0,right,False,False,good,-0.061810524525557485,0.4343840352573539,20
CP2,14.0,left,False,False,good,-0.8578187084802353,-0.940339203413401,20
CP2,14.0,right,True,False,good,-1.8494692107614168,-1.9714359465300682,20
CP3,9.0,left,True,False,good,0.9098004558338036,1.0036830156636751,20
CP3,9.0,right,False,False,good,0.12656087500284013,0.4039512175136067,20
CP3,14.0,left,False,False,good,-2.164338267456066,-1.854013499952978,20
CP3,14.0,right,True,False,good,-1.5793470280770925,-1.4045769721668786,20
CP4,9.0,left,True,False,good,-1.1671066667270842,-1.5350363693458966,20
CP4,9.0,right,False,False,good,-0.7419655785482,-0.6633923992992687,20
CP4,14.0,left,False,False,good,-0.7435963563762475,-1.2183944075341435,20
CP4,14.0,right,True,False,good,-1.499978875825326,-1.699093884154845,20
CP5,9.0,left,True,False,good,0.690149988518265,1.1338454769738564,20
CP5,9.0,right,False,False,good,0.1271463503522362,0.3771341790121383,20
CP5,14.0,left,False,False,good,-1.6261468740539946,-1.6748016066319136,20
CP5,14.0,right,True,False,good,-0.5720831299504264,-0.9051333347994097,20
CP6,9.0,left,True,False,good,0.07853701737914082,-0.19467079409258425,20
CP6,9.0,right,False,False,good,-0.7255108663844667,-0.2597249993637773,20
CP6,14.0,left,False,False,good,-0.5514126471277717,-0.8428262398118351,20
CP6,14.0,right,True,False,good,-0.21299776720973398,-0.31211991399888844,20
CPz,9.0,left,True,False,good,-0.6236266113983345,0.0624556635580973,20
CPz,9.0,right,False,False,good,0.07833623928653875,0.46157063107784,20
CPz,14.0,left,False,False,good,-1.9411937808149518,-2.0966551438753807,20
CPz,14.0,right,True,False,good,-0.7757543209480762,-1.161918094420012,20
F1,9.0,left,True,False,review,-1.3379183233655136,-1.646551764164275,20
F1,9.0,right,False,False,review,-2.1490297571322667,-2.2508486964152876,20
F1,14.0,left,False,False,review,-1.711751770463256,-1.860007523330929,20
F1,14.0,right,True,False,review,-2.392846359778603,-2.2085448863040797,20
F2,9.0,left,True,False,review,-1.255493194898412,-1.6950561715937984,20
F2,9.0,right,False,False,review,-2.8758392986139363,-2.229526079547373,20
F2,14.0,left,False,False,review,-1.5538486095678998,-1.3513868630428236,20
F2,14.0,right,True,False,review,-1.134681697232352,-1.3268894990206157,20
F3,9.0,left,True,False,review,-0.44115997257243683,-0.1858036014925809,20
F3,9.0,right,False,False,review,-0.1425889936178596,0.033310747649307935,20
F3,14.0,left,False,False,review,-2.091961771683307,-1.747049808916799,20
F3,14.0,right,True,False,review,-1.597457273745415,-1.2817465469391922,20
F4,9.0,left,True,False,review,-0.5507342158404582,-0.9100978916949081,20
F4,9.0,right,False,False,review,-2.068935657665226,-1.4879078512582546,20
F4,14.0,left,False,False,review,-2.0373410797043667,-2.143685652145163,20
F4,14.0,right,True,False,review,-1.8809242275185494,-1.4015217037306844,20
F5,9.0,left,True,False,good,-1.0739928453545584,-0.9468389541420954,20
F5,9.0,right,False,False,good,-0.543494233330226,-0.7733790475712179,20
F5,14.0,left,False,False,good,-1.5790165827356335,-1.0465047619094658,20
F5,14.0,right,True,False,good,0.7119018541808734,-0.25876549721112574,20
F6,9.0,left,True,False,good,-0.6566334446047761,-0.8088707175479501,20
F6,9.0,right,False,False,good,-1.2645676164769621,-0.7842581151652159,20
F6,14.0,left,False,False,good,-0.5987448253943942,-0.13188237410754142,20
F6,14.0,right,True,False,good,0.49692445324064394,0.4882791905939745,20
F7,9.0,left,True,False,good,-0.912289817155542,-0.4837518933194431,20
F7,9.0,right,False,False,good,-0.7137871308864294,-1.2654963124427177,20
F7,14.0,left,False,False,good,-1.6038325425631086,-1.2440795797256623,20
F7,14.0,right,True,False,good,1.2708824644452876,1.0357031972306396,20
F8,9.0,left,True,False,review,-0.4448946664840599,-0.12719108137804144,20
F8,9.0,right,False,False,review,-1.60106518629192,-1.3309552376536278,20
F8,14.0,left,False,False,review,-0.49418648237275553,-0.13215321947461095,20
F8,14.0,right,True,False,review,1.8114022302752883,1.929278248393676,20
FC1,9.0,left,True,False,review,-1.9596731689434943,-2.263641899079105,20
FC1,9.0,right,False,False,review,-1.5466023750271232,-1.9528410387895336,20
FC1,14.0,left,False,False,review,-2.2799761572470283,-1.2508812436539425,20
FC1,14.0,right,True,False,review,-0.8441899651101279,-0.6161875302337051,20
FC2,9.0,left,True,False,review,-2.1920066560502307,-2.8255622139912555,20
FC2,9.0,right,False,False,review,-2.346735941766021,-1.9026210537683839,20
FC2,14.0,left,False,False,review,-3.72138948288382,-3.269045426855364,20
FC2,14.0,right,True,False,review,-2.469556325734266,-2.777455272616364,20
FC3,9.0,left,True,False,good,-1.3759991531821132,-1.5325935997296853,20
FC3,9.0,right,False,False,good,-0.22442786691337707,-0.20130301102462533,20
FC3,14.0,left,False,False,good,-1.4008522501746135,-1.0756941487238882,20
FC3,14.0,right,True,False,good,-0.35800768506986397,-1.192169517432193,20
FC4,9.0,left,True,False,good,-1.2694942640385098,-1.2788840143630278,20
FC4,9.0,right,False,False,good,-1.5194378630126373,-1.425565302146028,20
FC4,14.0,left,False,False,good,-1.121952400474981,-1.188762032569793,20
FC4,14.0,right,True,False,good,-0.18790835445414256,0.04830730498487639,20
FC5,9.0,left,True,False,good,-0.41727200652313534,-0.9290215960815107,20
FC5,9.0,right,False,False,good,-0.17739937701852013,-0.19197347289716046,20
FC5,14.0,left,False,False,good,-1.388710790383636,-1.1910216287405941,20
FC5,14.0,right,True,False,good,0.912421937330449,0.39660246341441235,20
FC6,9.0,left,True,False,good,-0.43999312040429067,-0.7002423553458279,20
FC6,9.0,right,False,False,good,-1.4817923836519133,-1.5185569658843634,20
FC6,14.0,left,False,False,good,-0.6412372823318846,0.15471684061247154,20
FC6,14.0,right,True,False,good,0.3534518008011508,0.29488376155484347,20
FCz,9.0,left,True,False,review,-2.2713754946580775,-1.8609279330386432,20
FCz,9.0,right,False,False,review,-2.2271441769069567,-1.8759385500223258,20
FCz,14.0,left,False,False,review,-1.6433142061717014,-2.0025576570310353,20
FCz,14.0,right,True,False,review,-1.2148423358341165,-1.6456409129303373,20
FP1,9.0,left,True,False,review,-1.4851259879078444,-1.318594781702847,20
FP1,9.0,right,False,False,review,-1.4907748226175914,-0.9282187065714598,20
FP1,14.0,left,False,False,review,-2.7341555017911796,-3.7419764171707963,20
FP1,14.0,right,True,False,review,-1.3804526002079762,-2.235594786009154,20
FP2,9.0,left,True,False,review,-2.5801238610860535,-1.5335060522642912,20
FP2,9.0,right,False,False,review,-4.291189022761388,-3.1492453253502903,20
FP2,14.0,left,False,False,review,-0.7186550935740483,-1.914997803180152,20
FP2,14.0,right,True,False,review,0.5739165164700541,-1.6357146528081916,20
FPz,9.0,left,True,False,review,-6.789094945936493,-7.060627996610096,20
FPz,9.0,right,False,False,review,-8.407710764916105,-8.91666272435161,20
FPz,14.0,left,False,False,review,-0.003699469078954509,-0.18536509740915216,20
FPz,14.0,right,True,False,review,1.3550639161266669,0.2820784776754487,20
FT10,9.0,left,True,False,review,0.4871692583946154,0.29250200165482093,20
FT10,9.0,right,False,False,review,-1.689518503960569,-0.8245012200476056,20
FT10,14.0,left,False,False,review,-0.6442632930220128,-0.3954117245166197,20
FT10,14.0,right,True,False,review,2.557207731073894,2.0948432015311536,20
FT7,9.0,left,True,False,review,-0.38604005350393267,-0.4950305054694375,20
FT7,9.0,right,False,False,review,-0.6755728787778827,-0.6289622679686668,20
FT7,14.0,left,False,False,review,-1.3608022972571086,-1.0209277331713247,20
FT7,14.0,right,True,False,review,1.4835184633995548,0.8273440508854668,20
FT8,9.0,left,True,False,good,0.05982351595178047,0.25186242900978567,20
FT8,9.0,right,False,False,good,-1.6661220891892672,-1.6600840006696802,20
FT8,14.0,left,False,False,good,-0.4505442106284711,-0.32295670525533293,20
FT8,14.0,right,True,False,good,1.0594194227502451,0.6125687737343524,20
FT9,9.0,left,True,False,good,-0.04162590967907644,-0.020428960417840793,20
FT9,9.0,right,False,False,good,-0.7586181836879288,-0.9780089920932222,20
FT9,14.0,left,False,False,good,-1.723634466716242,-1.3588941078845582,20
FT9,14.0,right,True,False,good,2.520075598114085,2.6251105357437132,20
Fz,9.0,left,True,False,review,-0.7449130444929856,-0.9768081489859766,20
Fz,9.0,right,False,False,review,-1.3421722070051012,-0.922251446039946,20
Fz,14.0,left,False,False,review,-2.024826490902092,-0.8183301157487282,20
Fz,14.0,right,True,False,review,-1.5943150594049833,-1.986557508047798,20
O1,9.0,left,True,True,good,3.264626476490134,4.198018040255438,20
O1,9.0,right,False,True,good,-0.1470628628415042,0.1343213626978392,20
O1,14.0,left,False,True,good,-1.2882779454615516,-0.9188546268579174,20
O1,14.0,right,True,True,good,1.2024615290782865,1.0820908656010833,20
O2,9.0,left,True,True,good,3.7742387581612844,3.711777449812967,20
O2,9.0,right,False,True,good,1.206730921079013,1.625231120580297,20
O2,14.0,left,False,True,good,-1.2060504166986845,-1.2295325911982065,20
O2,14.0,right,True,True,good,4.2235965967943745,4.937686679315123,20
Oz,9.0,left,True,True,good,3.4993283191530002,3.7033232019785856,20
Oz,9.0,right,False,True,good,0.5295278408065727,1.1659807229079315,20
Oz,14.0,left,False,True,good,-1.2311874110403058,-1.222954714165391,20
Oz,14.0,right,True,True,good,4.899075645938456,5.127169960404798,20
P1,9.0,left,True,True,review,0.9337769601015843,0.7419899144088027,20
P1,9.0,right,False,True,review,-0.24046759916471716,-0.13306965684989977,20
P1,14.0,left,False,True,review,-1.795852607309421,-1.5043750855741815,20
P1,14.0,right,True,True,review,-1.120966853593355,-0.5318017232080332,20
P2,9.0,left,True,True,good,-0.18346550623761262,0.22786454882204743,20
P2,9.0,right,False,True,good,0.23485912758405186,0.8816956959068555,20
P2,14.0,left,False,True,good,-0.8878020028978637,-0.5554321318002856,20
P2,14.0,right,True,True,good,-1.091296501684167,-0.7742922352946984,20
P3,9.0,left,True,True,review,1.3340537144702387,1.3730212237758344,20
P3,9.0,right,False,True,review,-0.28945368366653373,-0.1357413866424922,20
P3,14.0,left,False,True,review,-1.6922012418440588,-1.7162146124376219,20
P3,14.0,right,True,True,review,-1.0553723291901886,-0.4439829790234421,20
P4,9.0,left,True,True,good,0.17407917224232938,0.22951651194389364,20
P4,9.0,right,False,True,good,0.07442959326162533,0.5671820701270505,20
P4,14.0,left,False,True,good,-0.6421795972398684,-0.8968764481128887,20
P4,14.0,right,True,True,good,-0.5285701121842472,-0.4701384166593569,20
P5,9.0,left,True,True,good,1.686207471301667,1.80472046312209,20
P5,9.0,right,False,True,good,-0.408681345893271,0.38368205540401107,20
P5,14.0,left,False,True,good,-1.6097297589049842,-1.6796929551993982,20
P5,14.0,right,True,True,good,-0.3456581616190981,-0.46573500154273567,20
P6,9.0,left,True,True,good,1.2064884554291317,0.7185983628354415,20
P6,9.0,right,False,True,good,0.06588929275054768,0.5869488066996414,20
P6,14.0,left,False,True,good,-0.9496666163059816,-0.6462507438652462,20
P6,14.0,right,True,True,good,0.557710272554098,0.13879408579170122,20
P7,9.0,left,True,True,review,2.633789266958442,2.559180218175902,20
P7,9.0,right,False,True,review,-0.2496763255910957,0.5822741318111643,20
P7,14.0,left,False,True,review,-1.388075816663532,-1.1077196669728162,20
P7,14.0,right,True,True,review,0.9921783252161998,0.7842596954147921,20
P8,9.0,left,True,True,good,1.9294245058286499,1.3191276228368936,20
P8,9.0,right,False,True,good,0.1722032460090512,0.5105094051542456,20
P8,14.0,left,False,True,good,-1.0376361137449908,-0.8294843860199339,20
P8,14.0,right,True,True,good,1.1721939196624471,0.9996980291526387,20
PO3,9.0,left,True,True,good,1.6794657856562574,1.6598837839546854,20
PO3,9.0,right,False,True,good,-0.8723894917536903,-0.80933802005022,20
PO3,14.0,left,False,True,good,-1.340395993830059,-1.0922491696256433,20
PO3,14.0,right,True,True,good,-0.6775857272868454,0.027517679835820177,20
PO4,9.0,left,True,True,good,1.3850592319573338,1.4708899964838418,20
PO4,9.0,right,False,True,good,0.3413674842440774,0.3670621734131449,20
PO4,14.0,left,False,True,good,-1.142636022336537,-1.3287202945350298,20
PO4,14.0,right,True,True,good,1.1337267418230643,0.9756222845087982,20
PO7,9.0,left,True,True,good,3.5433732115845666,3.848507653102885,20
PO7,9.0,right,False,True,good,-0.19044047494513774,0.39330983239021794,20
PO7,14.0,left,False,True,good,-1.2504969964739554,-0.9872524113999882,20
PO7,14.0,right,True,True,good,0.643264467965805,0.4019488589881233,20
PO8,9.0,left,True,True,good,3.036396205262479,2.337809871408261,20
PO8,9.0,right,False,True,good,1.1160863652565844,1.0379358633155094,20
PO8,14.0,left,False,True,good,-1.0365901092224736,-0.9169220017291049,20
PO8,14.0,right,True,True,good,2.2135639538975633,2.1706952668848083,20
POz,9.0,left,True,True,good,0.44936957511970893,0.7226463413148081,20
POz,9.0,right,False,True,good,-0.7600359994665623,-1.0932290355421812,20
POz,14.0,left,False,True,good,-1.0025026192950857,-0.8904364009089156,20
POz,14.0,right,True,True,good,-0.8682779449931983,-0.6092718419292453,20
Pz,9.0,left,True,True,review,0.05112456705666078,0.08278380777305444,20
Pz,9.0,right,False,True,review,-0.15272963876043452,-0.18331642709425686,20
Pz,14.0,left,False,True,review,-1.3467815734235402,-1.1522749116585795,20
Pz,14.0,right,True,True,review,-1.0747000793380974,-0.9820375112489066,20
T7,9.0,left,True,False,review,0.18491868437458417,0.06464982044594665,20
T7,9.0,right,False,False,review,-0.44993810858356076,-0.21568944009500687,20
T7,14.0,left,False,False,review,-1.6291637826374683,-2.0024709973408603,20
T7,14.0,right,True,False,review,1.0240328619029821,0.8427103547972741,20
T8,9.0,left,True,False,review,0.6630201887335646,0.8928782800973292,20
T8,9.0,right,False,False,review,-1.421272220590398,-0.8757740788949768,20
T8,14.0,left,False,False,review,-0.5161131659105298,-0.36082446739849355,20
T8,14.0,right,True,False,review,0.5134192271904535,0.3230620061642456,20
TP10,9.0,left,True,False,review,2.4292299713310883,2.1583079150260187,20
TP10,9.0,right,False,False,review,-0.43113176237217604,0.3407845679754983,20
TP10,14.0,left,False,False,review,-0.90969061495553,-0.6870018139782423,20
TP10,14.0,right,True,False,review,3.1066632599385016,2.9329110900671864,20
TP7,9.0,left,True,False,good,1.268211700503699,1.3770139951467049,20
TP7,9.0,right,False,False,good,-0.19670377761946164,-0.401572345643725,20
TP7,14.0,left,False,False,good,-1.4256502033534046,-1.4793167009847092,20
TP7,14.0,right,True,False,good,1.505887662139188,1.2929686774093643,20
TP8,9.0,left,True,False,good,1.2393414728027796,1.0336962203719013,20
TP8,9.0,right,False,False,good,-0.81701308011517,-0.2508203290275169,20
TP8,14.0,left,False,False,good,-0.6976555074661144,-0.6912085264643979,20
TP8,14.0,right,True,False,good,1.0955310907759164,1.156884829693471,20
TP9,9.0,left,True,False,good,1.8346995633685093,1.9316862803459292,20
TP9,9.0,right,False,False,good,-0.3014557715897778,-0.3327653417512514,20
TP9,14.0,left,False,False,good,-1.490663362209958,-1.0986000850073352,20
TP9,14.0,right,True,False,good,3.634996560391083,3.183466168978134,20
