participant,session,date,block,trial_in_block,gaze_mode,attend_side,gaze_target_side,target_freq,catch_trial,dim_time_s,response_key,response_rt_s,hit,miss,false_alarm,anticipatory_response,stim_onset_global_s,photodiode_used,photodiode_trigger_side,photodiode_on_frames,photodiode_pulse_interval_s,expected_photodiode_pulses,dropped_frames_trial,n_frame_intervals_trial,max_frame_interval_ms_trial,mean_frame_interval_ms_trial,measured_refresh_hz
005,005,2026-04-30_13h59.55.909,1,1,overt_direct_gaze,left,left,9,0,,,,0,0,0,0,8.948606,1,left,2,1.0,30,147,1799,21.549300,16.668557,60.007
005,005,2026-04-30_13h59.55.909,1,2,overt_direct_gaze,left,left,9,0,,,,0,0,0,0,41.997272,1,left,2,1.0,30,135,1799,21.427900,16.665949,60.007
005,005,2026-04-30_13h59.55.909,1,3,overt_direct_gaze,left,left,9,0,,,,0,0,0,0,75.033829,1,left,2,1.0,30,160,1799,59.332100,16.681952,60.007
005,005,2026-04-30_13h59.55.909,1,4,overt_direct_gaze,right,right,14,0,,,,0,0,0,0,108.111301,1,right,2,1.0,30,154,1799,21.474300,16.666001,60.007
005,005,2026-04-30_13h59.55.909,1,5,overt_direct_gaze,right,right,14,0,,,,0,0,0,0,141.159942,1,right,2,1.0,30,134,1799,21.497600,16.665962,60.007
005,005,2026-04-30_13h59.55.909,1,6,overt_direct_gaze,right,right,14,0,,,,0,0,0,0,174.191837,1,right,2,1.0,30,140,1799,21.534700,16.666010,60.007
005,005,2026-04-30_13h59.55.909,1,7,overt_direct_gaze,right,right,14,0,,,,0,0,0,0,207.207092,1,right,2,1.0,30,143,1799,21.461500,16.666052,60.007
005,005,2026-04-30_13h59.55.909,1,8,overt_direct_gaze,left,left,9,0,,,,0,0,0,0,240.239142,1,left,2,1.0,30,136,1799,74.931100,16.687070,60.007
005,005,2026-04-30_13h59.55.909,1,9,overt_direct_gaze,right,right,14,0,,,,0,0,0,0,273.304461,1,right,2,1.0,30,141,1799,21.581000,16.665936,60.007
005,005,2026-04-30_13h59.55.909,1,10,overt_direct_gaze,left,left,9,0,,,,0,0,0,0,306.353097,1,left,2,1.0,30,137,1799,21.559100,16.666030,60.007
005,005,2026-04-30_13h59.55.909,2,1,overt_direct_gaze,right,right,14,0,,,,0,0,0,0,384.683138,1,right,2,1.0,30,133,1799,21.522500,16.666019,60.007
005,005,2026-04-30_13h59.55.909,2,2,overt_direct_gaze,right,right,14,0,,,,0,0,0,0,417.715073,1,right,2,1.0,30,145,1799,21.598300,16.666081,60.007
005,005,2026-04-30_13h59.55.909,2,3,overt_direct_gaze,right,right,14,0,,,,0,0,0,0,450.747156,1,right,2,1.0,30,163,1799,21.449900,16.665949,60.007
005,005,2026-04-30_13h59.55.909,2,4,overt_direct_gaze,right,right,14,0,,,,0,0,0,0,483.779117,1,right,2,1.0,30,148,1799,21.646700,16.666041,60.007
005,005,2026-04-30_13h59.55.909,2,5,overt_direct_gaze,left,left,9,0,,,,0,0,0,0,516.827840,1,left,2,1.0,30,138,1799,21.585900,16.665967,60.007
005,005,2026-04-30_13h59.55.909,2,6,overt_direct_gaze,left,left,9,0,,,,0,0,0,0,549.864228,1,left,2,1.0,30,126,1799,21.441900,16.663459,60.007
005,005,2026-04-30_13h59.55.909,2,7,overt_direct_gaze,left,left,9,0,,,,0,0,0,0,582.908329,1,left,2,1.0,30,148,1799,21.535000,16.665970,60.007
005,005,2026-04-30_13h59.55.909,2,8,overt_direct_gaze,right,right,14,0,,,,0,0,0,0,615.940347,1,right,2,1.0,30,124,1799,60.462600,16.677716,60.007
005,005,2026-04-30_13h59.55.909,2,9,overt_direct_gaze,left,left,9,0,,,,0,0,0,0,648.989019,1,left,2,1.0,30,135,1799,21.439100,16.665943,60.007
005,005,2026-04-30_13h59.55.909,2,10,overt_direct_gaze,left,left,9,0,,,,0,0,0,0,682.037502,1,left,2,1.0,30,156,1799,21.474200,16.666000,60.007
005,005,2026-04-30_13h59.55.909,3,1,overt_direct_gaze,left,left,9,0,,,,0,0,0,0,759.001046,1,left,2,1.0,30,141,1799,21.510400,16.665949,60.007
005,005,2026-04-30_13h59.55.909,3,2,overt_direct_gaze,left,left,9,0,,,,0,0,0,0,792.037452,1,left,2,1.0,30,156,1799,21.535100,16.663424,60.007
005,005,2026-04-30_13h59.55.909,3,3,overt_direct_gaze,right,right,14,0,,,,0,0,0,0,825.048310,1,right,2,1.0,30,156,1799,21.419300,16.668494,60.007
005,005,2026-04-30_13h59.55.909,3,4,overt_direct_gaze,left,left,9,0,,,,0,0,0,0,858.080322,1,left,2,1.0,30,158,1799,21.587200,16.665930,60.007
005,005,2026-04-30_13h59.55.909,3,5,overt_direct_gaze,right,right,14,0,,,,0,0,0,0,891.128979,1,right,2,1.0,30,160,1799,21.620200,16.668454,60.007
005,005,2026-04-30_13h59.55.909,3,6,overt_direct_gaze,right,right,14,0,,,,0,0,0,0,924.160808,1,right,2,1.0,30,142,1799,21.443700,16.668602,60.007
005,005,2026-04-30_13h59.55.909,3,7,overt_direct_gaze,left,left,9,0,,,,0,0,0,0,957.209464,1,left,2,1.0,30,123,1799,21.408200,16.668484,60.007
005,005,2026-04-30_13h59.55.909,3,8,overt_direct_gaze,right,right,14,0,,,,0,0,0,0,990.241420,1,right,2,1.0,30,127,1799,21.480000,16.665973,60.007
005,005,2026-04-30_13h59.55.909,3,9,overt_direct_gaze,right,right,14,0,,,,0,0,0,0,1023.273390,1,right,2,1.0,30,156,1799,21.446000,16.665917,60.007
005,005,2026-04-30_13h59.55.909,3,10,overt_direct_gaze,left,left,9,0,,,,0,0,0,0,1056.309935,1,left,2,1.0,30,161,1799,21.566800,16.663406,60.007
005,005,2026-04-30_13h59.55.909,4,1,overt_direct_gaze,left,left,9,0,,,,0,0,0,0,1193.899771,1,left,2,1.0,30,136,1799,21.384500,16.665886,60.007
005,005,2026-04-30_13h59.55.909,4,2,overt_direct_gaze,right,right,14,0,,,,0,0,0,0,1226.931568,1,right,2,1.0,30,143,1799,21.527100,16.665983,60.007
005,005,2026-04-30_13h59.55.909,4,3,overt_direct_gaze,left,left,9,0,,,,0,0,0,0,1259.963514,1,left,2,1.0,30,146,1799,21.608600,16.665959,60.007
005,005,2026-04-30_13h59.55.909,4,4,overt_direct_gaze,right,right,14,0,,,,0,0,0,0,1293.012188,1,right,2,1.0,30,153,1799,21.486700,16.665925,60.007
005,005,2026-04-30_13h59.55.909,4,5,overt_direct_gaze,right,right,14,0,,,,0,0,0,0,1326.044033,1,right,2,1.0,30,152,1799,21.463100,16.665951,60.007
005,005,2026-04-30_13h59.55.909,4,6,overt_direct_gaze,left,left,9,0,,,,0,0,0,0,1359.092721,1,left,2,1.0,30,132,1799,21.454400,16.665929,60.007
005,005,2026-04-30_13h59.55.909,4,7,overt_direct_gaze,left,left,9,0,,,,0,0,0,0,1392.124665,1,left,2,1.0,30,156,1799,21.417200,16.666104,60.007
005,005,2026-04-30_13h59.55.909,4,8,overt_direct_gaze,right,right,14,0,,,,0,0,0,0,1425.156847,1,right,2,1.0,30,139,1799,21.604300,16.665904,60.007
005,005,2026-04-30_13h59.55.909,4,9,overt_direct_gaze,left,left,9,0,,,,0,0,0,0,1458.188688,1,left,2,1.0,30,150,1799,21.604900,16.665890,60.007
005,005,2026-04-30_13h59.55.909,4,10,overt_direct_gaze,right,right,14,0,,,,0,0,0,0,1491.237280,1,right,2,1.0,30,10,1799,28.279500,16.666152,60.007
